id,crime_id,article_id,article_code,requirement_type,text,normalized_text
actreq_crime_108_title_action_phan_boi_to_quoc,crime_108,article_108,108,title_action,phản bội Tổ quốc,phan boi to quoc
actreq_crime_109_title_action_hoat_dong_nham_lat_do_chinh_quyen_nhan_dan,crime_109,article_109,109,title_action,hoạt động nhằm lật đổ chính quyền nhân dân,hoat dong nham lat do chinh quyen nhan dan
actreq_crime_110_title_action_gian_diep,crime_110,article_110,110,title_action,gián điệp,gian diep
actreq_crime_111_title_action_xam_pham_an_ninh_lanh_tho,crime_111,article_111,111,title_action,xâm phạm an ninh lãnh thổ,xam pham an ninh lanh tho
actreq_crime_112_title_action_bao_loan,crime_112,article_112,112,title_action,bạo loạn,bao loan
actreq_crime_113_title_action_khung_bo_nham_chong_chinh_quyen_nhan_dan,crime_113,article_113,113,title_action,khủng bố nhằm chống chính quyền nhân dân,khung bo nham chong chinh quyen nhan dan
actreq_crime_114_title_action_pha_hoai_co_so_vat_chat_ky_thuat_cua_nuoc_cong_hoa_xa_hoi_chu_nghia_viet_nam,crime_114,article_114,114,title_action,phá hoại cơ sở vật chất - kỹ thuật của nước Cộng hòa xã hội chủ nghĩa Việt Nam,pha hoai co so vat chat ky thuat cua nuoc cong hoa xa hoi chu nghia viet nam
actreq_crime_115_title_action_pha_hoai_viec_thuc_hien_cac_chinh_sach_kinh_te_xa_hoi,crime_115,article_115,115,title_action,phá hoại việc thực hiện các chính sách kinh tế - xã hội,pha hoai viec thuc hien cac chinh sach kinh te xa hoi
actreq_crime_116_title_action_pha_hoai_chinh_sach_doan_ket,crime_116,article_116,116,title_action,phá hoại chính sách đoàn kết,pha hoai chinh sach doan ket
actreq_crime_117_title_action_lam_tang_tru_phat_tan_hoac_tuyen_truyen_thong_tin_tai_lieu_vat_pham_nham_chong_nha_nuoc_cong_hoa_,crime_117,article_117,117,title_action,"làm, tàng trữ, phát tán hoặc tuyên truyền thông tin, tài liệu, vật phẩm nhằm chống Nhà nước Cộng hòa xã hội chủ nghĩa Việt Nam",lam tang tru phat tan hoac tuyen truyen thong tin tai lieu vat pham nham chong nha nuoc cong hoa xa hoi chu nghia viet nam
actreq_crime_118_title_action_pha_roi_an_ninh,crime_118,article_118,118,title_action,phá rối an ninh,pha roi an ninh
actreq_crime_119_title_action_chong_pha_co_so_giam_giu,crime_119,article_119,119,title_action,chống phá cơ sở giam giữ,chong pha co so giam giu
actreq_crime_120_title_action_to_chuc_cuong_ep_xui_giuc_nguoi_khac_tron_di_nuoc_ngoai_hoac_tron_o_lai_nuoc_ngoai_nham_chong_chi,crime_120,article_120,120,title_action,"tổ chức, cưỡng ép, xúi giục người khác trốn đi nước ngoài hoặc trốn ở lại nước ngoài nhằm chống chính quyền nhân dân",to chuc cuong ep xui giuc nguoi khac tron di nuoc ngoai hoac tron o lai nuoc ngoai nham chong chinh quyen nhan dan
actreq_crime_121_title_action_tron_di_nuoc_ngoai_hoac_tron_o_lai_nuoc_ngoai_nham_chong_chinh_quyen_nhan_dan,crime_121,article_121,121,title_action,trốn đi nước ngoài hoặc trốn ở lại nước ngoài nhằm chống chính quyền nhân dân,tron di nuoc ngoai hoac tron o lai nuoc ngoai nham chong chinh quyen nhan dan
actreq_crime_122_title_action_hinh_phat_bo_sung,crime_122,article_122,122,title_action,Hình phạt bổ sung,hinh phat bo sung
actreq_crime_123_title_action_giet_nguoi,crime_123,article_123,123,title_action,giết người,giet nguoi
actreq_crime_124_title_action_giet_hoac_vut_bo_con_moi_de,crime_124,article_124,124,title_action,giết hoặc vứt bỏ con mới đẻ,giet hoac vut bo con moi de
actreq_crime_125_title_action_giet_nguoi_trong_trang_thai_tinh_than_bi_kich_dong_manh,crime_125,article_125,125,title_action,giết người trong trạng thái tinh thần bị kích động mạnh,giet nguoi trong trang thai tinh than bi kich dong manh
actreq_crime_126_title_action_giet_nguoi_do_vuot_qua_gioi_han_phong_ve_chinh_dang_hoac_do_vuot_qua_muc_can_thiet_khi_bat_giu_ng,crime_126,article_126,126,title_action,giết người do vượt quá giới hạn phòng vệ chính đáng hoặc do vượt quá mức cần thiết khi bắt giữ người phạm tội,giet nguoi do vuot qua gioi han phong ve chinh dang hoac do vuot qua muc can thiet khi bat giu nguoi pham toi
actreq_crime_127_title_action_lam_chet_nguoi_trong_khi_thi_hanh_cong_vu,crime_127,article_127,127,title_action,làm chết người trong khi thi hành công vụ,lam chet nguoi trong khi thi hanh cong vu
actreq_crime_128_title_action_vo_y_lam_chet_nguoi,crime_128,article_128,128,title_action,vô ý làm chết người,vo y lam chet nguoi
actreq_crime_129_title_action_vo_y_lam_chet_nguoi_do_vi_pham_quy_tac_nghe_nghiep_hoac_quy_tac_hanh_chinh,crime_129,article_129,129,title_action,vô ý làm chết người do vi phạm quy tắc nghề nghiệp hoặc quy tắc hành chính,vo y lam chet nguoi do vi pham quy tac nghe nghiep hoac quy tac hanh chinh
actreq_crime_130_title_action_buc_tu,crime_130,article_130,130,title_action,bức tử,buc tu
actreq_crime_131_title_action_xui_giuc_hoac_giup_nguoi_khac_tu_sat,crime_131,article_131,131,title_action,xúi giục hoặc giúp người khác tự sát,xui giuc hoac giup nguoi khac tu sat
actreq_crime_132_title_action_khong_cuu_giup_nguoi_dang_o_trong_tinh_trang_nguy_hiem_den_tinh_mang,crime_132,article_132,132,title_action,không cứu giúp người đang ở trong tình trạng nguy hiểm đến tính mạng,khong cuu giup nguoi dang o trong tinh trang nguy hiem den tinh mang
actreq_crime_133_title_action_de_doa_giet_nguoi,crime_133,article_133,133,title_action,đe dọa giết người,de doa giet nguoi
actreq_crime_134_title_action_co_y_gay_thuong_tich_hoac_gay_ton_hai_cho_suc_khoe_cua_nguoi_khac,crime_134,article_134,134,title_action,cố ý gây thương tích hoặc gây tổn hại cho sức khỏe của người khác,co y gay thuong tich hoac gay ton hai cho suc khoe cua nguoi khac
actreq_crime_135_title_action_co_y_gay_thuong_tich_hoac_gay_ton_hai_cho_suc_khoe_cua_nguoi_khac_trong_trang_thai_tinh_than_bi_k,crime_135,article_135,135,title_action,cố ý gây thương tích hoặc gây tổn hại cho sức khỏe của người khác trong trạng thái tinh thần bị kích động mạnh,co y gay thuong tich hoac gay ton hai cho suc khoe cua nguoi khac trong trang thai tinh than bi kich dong manh
actreq_crime_136_title_action_co_y_gay_thuong_tich_hoac_gay_ton_hai_cho_suc_khoe_cua_nguoi_khac_do_vuot_qua_gioi_han_phong_ve_c,crime_136,article_136,136,title_action,cố ý gây thương tích hoặc gây tổn hại cho sức khỏe của người khác do vượt quá giới hạn phòng vệ chính đáng hoặc do vượt quá mức cần thiết khi bắt giữ người phạm tội,co y gay thuong tich hoac gay ton hai cho suc khoe cua nguoi khac do vuot qua gioi han phong ve chinh dang hoac do vuot qua muc can thiet khi bat giu nguoi pham toi
actreq_crime_137_title_action_gay_thuong_tich_hoac_gay_ton_hai_cho_suc_khoe_cua_nguoi_khac_trong_khi_thi_hanh_cong_vu,crime_137,article_137,137,title_action,gây thương tích hoặc gây tổn hại cho sức khỏe của người khác trong khi thi hành công vụ,gay thuong tich hoac gay ton hai cho suc khoe cua nguoi khac trong khi thi hanh cong vu
actreq_crime_138_title_action_vo_y_gay_thuong_tich_hoac_gay_ton_hai_cho_suc_khoe_cua_nguoi_khac,crime_138,article_138,138,title_action,vô ý gây thương tích hoặc gây tổn hại cho sức khỏe của người khác,vo y gay thuong tich hoac gay ton hai cho suc khoe cua nguoi khac
actreq_crime_139_title_action_vo_y_gay_thuong_tich_hoac_gay_ton_hai_cho_suc_khoe_cua_nguoi_khac_do_vi_pham_quy_tac_nghe_nghiep_,crime_139,article_139,139,title_action,vô ý gây thương tích hoặc gây tổn hại cho sức khỏe của người khác do vi phạm quy tắc nghề nghiệp hoặc quy tắc hành chính,vo y gay thuong tich hoac gay ton hai cho suc khoe cua nguoi khac do vi pham quy tac nghe nghiep hoac quy tac hanh chinh
actreq_crime_140_title_action_hanh_ha_nguoi_khac,crime_140,article_140,140,title_action,hành hạ người khác,hanh ha nguoi khac
actreq_crime_141_title_action_hiep_dam,crime_141,article_141,141,title_action,hiếp dâm,hiep dam
actreq_crime_142_title_action_hiep_dam_nguoi_duoi_16_tuoi,crime_142,article_142,142,title_action,hiếp dâm người dưới 16 tuổi,hiep dam nguoi duoi 16 tuoi
actreq_crime_143_title_action_cuong_dam,crime_143,article_143,143,title_action,cưỡng dâm,cuong dam
actreq_crime_144_title_action_cuong_dam_nguoi_tu_du_13_tuoi_den_duoi_16_tuoi,crime_144,article_144,144,title_action,cưỡng dâm người từ đủ 13 tuổi đến dưới 16 tuổi,cuong dam nguoi tu du 13 tuoi den duoi 16 tuoi
actreq_crime_145_title_action_giao_cau_hoac_thuc_hien_hanh_vi_quan_he_tinh_duc_khac_voi_nguoi_tu_du_13_tuoi_den_duoi_16_tuoi,crime_145,article_145,145,title_action,giao cấu hoặc thực hiện hành vi quan hệ tình dục khác với người từ đủ 13 tuổi đến dưới 16 tuổi,giao cau hoac thuc hien hanh vi quan he tinh duc khac voi nguoi tu du 13 tuoi den duoi 16 tuoi
actreq_crime_146_title_action_dam_o_doi_voi_nguoi_duoi_16_tuoi,crime_146,article_146,146,title_action,dâm ô đối với người dưới 16 tuổi,dam o doi voi nguoi duoi 16 tuoi
actreq_crime_147_title_action_su_dung_nguoi_duoi_16_tuoi_vao_muc_dich_khieu_dam,crime_147,article_147,147,title_action,sử dụng người dưới 16 tuổi vào mục đích khiêu dâm,su dung nguoi duoi 16 tuoi vao muc dich khieu dam
actreq_crime_148_title_action_lay_truyen_hiv_cho_nguoi_khac,crime_148,article_148,148,title_action,lây truyền HIV cho người khác,lay truyen hiv cho nguoi khac
actreq_crime_149_title_action_co_y_truyen_hiv_cho_nguoi_khac,crime_149,article_149,149,title_action,cố ý truyền HIV cho người khác,co y truyen hiv cho nguoi khac
actreq_crime_150_title_action_mua_ban_nguoi,crime_150,article_150,150,title_action,mua bán người,mua ban nguoi
actreq_crime_151_title_action_mua_ban_nguoi_duoi_16_tuoi,crime_151,article_151,151,title_action,mua bán người dưới 16 tuổi,mua ban nguoi duoi 16 tuoi
actreq_crime_152_title_action_danh_trao_nguoi_duoi_01_tuoi,crime_152,article_152,152,title_action,đánh tráo người dưới 01 tuổi,danh trao nguoi duoi 01 tuoi
actreq_crime_153_title_action_chiem_doat_nguoi_duoi_16_tuoi,crime_153,article_153,153,title_action,chiếm đoạt người dưới 16 tuổi,chiem doat nguoi duoi 16 tuoi
actreq_crime_154_title_action_mua_ban_chiem_doat_mo_hoac_bo_phan_co_the_nguoi,crime_154,article_154,154,title_action,"mua bán, chiếm đoạt mô hoặc bộ phận cơ thể người",mua ban chiem doat mo hoac bo phan co the nguoi
actreq_crime_155_title_action_lam_nhuc_nguoi_khac,crime_155,article_155,155,title_action,làm nhục người khác,lam nhuc nguoi khac
actreq_crime_156_title_action_vu_khong,crime_156,article_156,156,title_action,vu khống,vu khong
actreq_crime_157_title_action_bat_giu_hoac_giam_nguoi_trai_phap_luat,crime_157,article_157,157,title_action,"bắt, giữ hoặc giam người trái pháp luật",bat giu hoac giam nguoi trai phap luat
actreq_crime_158_title_action_xam_pham_cho_o_cua_nguoi_khac,crime_158,article_158,158,title_action,xâm phạm chỗ ở của người khác,xam pham cho o cua nguoi khac
actreq_crime_159_title_action_xam_pham_bi_mat_hoac_an_toan_thu_tin_dien_thoai_dien_tin_hoac_hinh_thuc_trao_doi_thong_tin_rieng_,crime_159,article_159,159,title_action,"xâm phạm bí mật hoặc an toàn thư tín, điện thoại, điện tín hoặc hình thức trao đổi thông tin riêng tư khác của người khác",xam pham bi mat hoac an toan thu tin dien thoai dien tin hoac hinh thuc trao doi thong tin rieng tu khac cua nguoi khac
actreq_crime_160_title_action_xam_pham_quyen_cua_cong_dan_ve_bau_cu_ung_cu_hoac_bieu_quyet_khi_nha_nuoc_trung_cau_y_dan,crime_160,article_160,160,title_action,"xâm phạm quyền của công dân về bầu cử, ứng cử hoặc biểu quyết khi Nhà nước trưng cầu ý dân",xam pham quyen cua cong dan ve bau cu ung cu hoac bieu quyet khi nha nuoc trung cau y dan
actreq_crime_161_title_action_lam_sai_lech_ket_qua_bau_cu_ket_qua_trung_cau_y_dan,crime_161,article_161,161,title_action,"làm sai lệch kết quả bầu cử, kết quả trưng cầu ý dân",lam sai lech ket qua bau cu ket qua trung cau y dan
actreq_crime_162_title_action_buoc_cong_chuc_vien_chuc_thoi_viec_hoac_sa_thai_nguoi_lao_dong_trai_phap_luat,crime_162,article_162,162,title_action,"buộc công chức, viên chức thôi việc hoặc sa thải người lao động trái pháp luật",buoc cong chuc vien chuc thoi viec hoac sa thai nguoi lao dong trai phap luat
actreq_crime_163_title_action_xam_pham_quyen_hoi_hop_lap_hoi_cua_cong_dan,crime_163,article_163,163,title_action,"xâm phạm quyền hội họp, lập hội của công dân",xam pham quyen hoi hop lap hoi cua cong dan
actreq_crime_164_title_action_xam_pham_quyen_tu_do_tin_nguong_ton_giao_cua_nguoi_khac,crime_164,article_164,164,title_action,"xâm phạm quyền tự do tín ngưỡng, tôn giáo của người khác",xam pham quyen tu do tin nguong ton giao cua nguoi khac
actreq_crime_165_title_action_xam_pham_quyen_binh_dang_gioi,crime_165,article_165,165,title_action,xâm phạm quyền bình đẳng giới,xam pham quyen binh dang gioi
actreq_crime_166_title_action_xam_pham_quyen_khieu_nai_to_cao,crime_166,article_166,166,title_action,"xâm phạm quyền khiếu nại, tố cáo",xam pham quyen khieu nai to cao
actreq_crime_167_title_action_xam_pham_quyen_tu_do_ngon_luan_tu_do_bao_chi_tiep_can_thong_tin_quyen_bieu_tinh_cua_cong_dan,crime_167,article_167,167,title_action,"xâm phạm quyền tự do ngôn luận, tự do báo chí, tiếp cận thông tin, quyền biểu tình của công dân",xam pham quyen tu do ngon luan tu do bao chi tiep can thong tin quyen bieu tinh cua cong dan
actreq_crime_168_title_action_cuop_tai_san,crime_168,article_168,168,title_action,cướp tài sản,cuop tai san
actreq_crime_169_title_action_bat_coc_nham_chiem_doat_tai_san,crime_169,article_169,169,title_action,bắt cóc nhằm chiếm đoạt tài sản,bat coc nham chiem doat tai san
actreq_crime_170_title_action_cuong_doat_tai_san,crime_170,article_170,170,title_action,cưỡng đoạt tài sản,cuong doat tai san
actreq_crime_171_title_action_cuop_giat_tai_san,crime_171,article_171,171,title_action,cướp giật tài sản,cuop giat tai san
actreq_crime_172_title_action_cong_nhien_chiem_doat_tai_san,crime_172,article_172,172,title_action,công nhiên chiếm đoạt tài sản,cong nhien chiem doat tai san
actreq_crime_173_title_action_trom_cap_tai_san,crime_173,article_173,173,title_action,trộm cắp tài sản,trom cap tai san
actreq_crime_174_title_action_lua_dao_chiem_doat_tai_san,crime_174,article_174,174,title_action,lừa đảo chiếm đoạt tài sản,lua dao chiem doat tai san
actreq_crime_175_title_action_lam_dung_tin_nhiem_chiem_doat_tai_san,crime_175,article_175,175,title_action,lạm dụng tín nhiệm chiếm đoạt tài sản,lam dung tin nhiem chiem doat tai san
actreq_crime_176_title_action_chiem_giu_trai_phep_tai_san,crime_176,article_176,176,title_action,chiếm giữ trái phép tài sản,chiem giu trai phep tai san
actreq_crime_177_title_action_su_dung_trai_phep_tai_san,crime_177,article_177,177,title_action,sử dụng trái phép tài sản,su dung trai phep tai san
actreq_crime_178_title_action_huy_hoai_hoac_co_y_lam_hu_hong_tai_san,crime_178,article_178,178,title_action,hủy hoại hoặc cố ý làm hư hỏng tài sản,huy hoai hoac co y lam hu hong tai san
actreq_crime_179_title_action_thieu_trach_nhiem_gay_thiet_hai_den_tai_san_cua_nha_nuoc_co_quan_to_chuc_doanh_nghiep,crime_179,article_179,179,title_action,"thiếu trách nhiệm gây thiệt hại đến tài sản của Nhà nước, cơ quan, tổ chức, doanh nghiệp",thieu trach nhiem gay thiet hai den tai san cua nha nuoc co quan to chuc doanh nghiep
actreq_crime_180_title_action_vo_y_gay_thiet_hai_nghiem_trong_den_tai_san,crime_180,article_180,180,title_action,vô ý gây thiệt hại nghiêm trọng đến tài sản,vo y gay thiet hai nghiem trong den tai san
actreq_crime_181_title_action_cuong_ep_ket_hon_ly_hon_hoac_can_tro_hon_nhan_tu_nguyen_tien_bo_can_tro_ly_hon_tu_nguyen,crime_181,article_181,181,title_action,"cưỡng ép kết hôn, ly hôn hoặc cản trở hôn nhân tự nguyện, tiến bộ, cản trở ly hôn tự nguyện",cuong ep ket hon ly hon hoac can tro hon nhan tu nguyen tien bo can tro ly hon tu nguyen
actreq_crime_182_title_action_vi_pham_che_do_mot_vo_mot_chong,crime_182,article_182,182,title_action,"vi phạm chế độ một vợ, một chồng",vi pham che do mot vo mot chong
actreq_crime_183_title_action_to_chuc_tao_hon,crime_183,article_183,183,title_action,tổ chức tảo hôn,to chuc tao hon
actreq_crime_184_title_action_loan_luan,crime_184,article_184,184,title_action,loạn luân,loan luan
actreq_crime_185_title_action_nguoc_dai_hoac_hanh_ha_ong_ba_cha_me_vo_chong_con_chau_hoac_nguoi_co_cong_nuoi_duong_minh,crime_185,article_185,185,title_action,"ngược đãi hoặc hành hạ ông bà, cha mẹ, vợ chồng, con, cháu hoặc người có công nuôi dưỡng mình",nguoc dai hoac hanh ha ong ba cha me vo chong con chau hoac nguoi co cong nuoi duong minh
actreq_crime_186_title_action_tu_choi_hoac_tron_tranh_nghia_vu_cap_duong,crime_186,article_186,186,title_action,từ chối hoặc trốn tránh nghĩa vụ cấp dưỡng,tu choi hoac tron tranh nghia vu cap duong
actreq_crime_187_title_action_to_chuc_mang_thai_ho_vi_muc_dich_thuong_mai,crime_187,article_187,187,title_action,tổ chức mang thai hộ vì mục đích thương mại,to chuc mang thai ho vi muc dich thuong mai
actreq_crime_188_title_action_buon_lau,crime_188,article_188,188,title_action,buôn lậu,buon lau
actreq_crime_189_title_action_van_chuyen_trai_phep_hang_hoa_tien_te_qua_bien_gioi,crime_189,article_189,189,title_action,"vận chuyển trái phép hàng hóa, tiền tệ qua biên giới",van chuyen trai phep hang hoa tien te qua bien gioi
actreq_crime_190_title_action_san_xuat_buon_ban_hang_cam,crime_190,article_190,190,title_action,"sản xuất, buôn bán hàng cấm",san xuat buon ban hang cam
actreq_crime_191_title_action_tang_tru_van_chuyen_hang_cam,crime_191,article_191,191,title_action,"tàng trữ, vận chuyển hàng cấm",tang tru van chuyen hang cam
actreq_crime_192_title_action_san_xuat_buon_ban_hang_gia,crime_192,article_192,192,title_action,"sản xuất, buôn bán hàng giả",san xuat buon ban hang gia
actreq_crime_193_title_action_san_xuat_buon_ban_hang_gia_la_luong_thuc_thuc_pham_phu_gia_thuc_pham,crime_193,article_193,193,title_action,"sản xuất, buôn bán hàng giả là lương thực, thực phẩm, phụ gia thực phẩm",san xuat buon ban hang gia la luong thuc thuc pham phu gia thuc pham
actreq_crime_194_title_action_san_xuat_buon_ban_hang_gia_la_thuoc_chua_benh_thuoc_phong_benh,crime_194,article_194,194,title_action,"sản xuất, buôn bán hàng giả là thuốc chữa bệnh, thuốc phòng bệnh",san xuat buon ban hang gia la thuoc chua benh thuoc phong benh
actreq_crime_195_title_action_san_xuat_buon_ban_hang_gia_la_thuc_an_dung_de_chan_nuoi_phan_bon_thuoc_thu_y_thuoc_bao_ve_thuc_va,crime_195,article_195,195,title_action,"sản xuất, buôn bán hàng giả là thức ăn dùng để chăn nuôi, phân bón, thuốc thú y, thuốc bảo vệ thực vật, giống cây trồng, giống vật nuôi",san xuat buon ban hang gia la thuc an dung de chan nuoi phan bon thuoc thu y thuoc bao ve thuc vat giong cay trong giong vat nuoi
actreq_crime_196_title_action_dau_co,crime_196,article_196,196,title_action,đầu cơ,dau co
actreq_crime_197_title_action_quang_cao_gian_doi,crime_197,article_197,197,title_action,quảng cáo gian dối,quang cao gian doi
actreq_crime_198_title_action_lua_doi_khach_hang,crime_198,article_198,198,title_action,lừa dối khách hàng,lua doi khach hang
actreq_crime_199_title_action_vi_pham_quy_dinh_ve_cung_ung_dien,crime_199,article_199,199,title_action,vi phạm quy định về cung ứng điện,vi pham quy dinh ve cung ung dien
actreq_crime_200_title_action_tron_thue,crime_200,article_200,200,title_action,trốn thuế,tron thue
actreq_crime_201_title_action_cho_vay_lai_nang_trong_giao_dich_dan_su,crime_201,article_201,201,title_action,cho vay lãi nặng trong giao dịch dân sự,cho vay lai nang trong giao dich dan su
actreq_crime_202_title_action_lam_buon_ban_tem_gia_ve_gia,crime_202,article_202,202,title_action,"làm, buôn bán tem giả, vé giả",lam buon ban tem gia ve gia
actreq_crime_203_title_action_in_phat_hanh_mua_ban_trai_phep_hoa_don_chung_tu_thu_nop_ngan_sach_nha_nuoc,crime_203,article_203,203,title_action,"in, phát hành, mua bán trái phép hóa đơn, chứng từ thu nộp ngân sách nhà nước",in phat hanh mua ban trai phep hoa don chung tu thu nop ngan sach nha nuoc
actreq_crime_204_title_action_vi_pham_quy_dinh_ve_bao_quan_quan_ly_hoa_don_chung_tu_thu_nop_ngan_sach_nha_nuoc,crime_204,article_204,204,title_action,"vi phạm quy định về bảo quản, quản lý hóa đơn, chứng từ thu nộp ngân sách nhà nước",vi pham quy dinh ve bao quan quan ly hoa don chung tu thu nop ngan sach nha nuoc
actreq_crime_205_title_action_lap_quy_trai_phep,crime_205,article_205,205,title_action,lập quỹ trái phép,lap quy trai phep
actreq_crime_206_title_action_vi_pham_quy_dinh_ve_hoat_dong_ngan_hang_hoat_dong_khac_lien_quan_den_hoat_dong_ngan_hang,crime_206,article_206,206,title_action,"vi phạm quy định về hoạt động ngân hàng, hoạt động khác liên quan đến hoạt động ngân hàng",vi pham quy dinh ve hoat dong ngan hang hoat dong khac lien quan den hoat dong ngan hang
actreq_crime_207_title_action_lam_tang_tru_van_chuyen_luu_hanh_tien_gia,crime_207,article_207,207,title_action,"làm, tàng trữ, vận chuyển, lưu hành tiền giả",lam tang tru van chuyen luu hanh tien gia
actreq_crime_208_title_action_lam_tang_tru_van_chuyen_luu_hanh_cong_cu_chuyen_nhuong_gia_hoac_cac_giay_to_co_gia_gia_khac,crime_208,article_208,208,title_action,"làm, tàng trữ, vận chuyển, lưu hành công cụ chuyển nhượng giả hoặc các giấy tờ có giá giả khác",lam tang tru van chuyen luu hanh cong cu chuyen nhuong gia hoac cac giay to co gia gia khac
actreq_crime_209_title_action_co_y_cong_bo_thong_tin_sai_lech_hoac_che_giau_thong_tin_trong_hoat_dong_chung_khoan,crime_209,article_209,209,title_action,cố ý công bố thông tin sai lệch hoặc che giấu thông tin trong hoạt động chứng khoán,co y cong bo thong tin sai lech hoac che giau thong tin trong hoat dong chung khoan
actreq_crime_210_title_action_su_dung_thong_tin_noi_bo_de_mua_ban_chung_khoan,crime_210,article_210,210,title_action,sử dụng thông tin nội bộ để mua bán chứng khoán,su dung thong tin noi bo de mua ban chung khoan
actreq_crime_211_title_action_thao_tung_thi_truong_chung_khoan,crime_211,article_211,211,title_action,thao túng thị trường chứng khoán,thao tung thi truong chung khoan
actreq_crime_212_title_action_lam_gia_tai_lieu_trong_ho_so_chao_ban_niem_yet_chung_khoan,crime_212,article_212,212,title_action,"làm giả tài liệu trong hồ sơ chào bán, niêm yết chứng khoán",lam gia tai lieu trong ho so chao ban niem yet chung khoan
actreq_crime_213_title_action_gian_lan_trong_kinh_doanh_bao_hiem,crime_213,article_213,213,title_action,gian lận trong kinh doanh bảo hiểm,gian lan trong kinh doanh bao hiem
actreq_crime_214_title_action_gian_lan_bao_hiem_xa_hoi_bao_hiem_that_nghiep,crime_214,article_214,214,title_action,"gian lận bảo hiểm xã hội, bảo hiểm thất nghiệp",gian lan bao hiem xa hoi bao hiem that nghiep
actreq_crime_215_title_action_gian_lan_bao_hiem_y_te,crime_215,article_215,215,title_action,gian lận bảo hiểm y tế,gian lan bao hiem y te
actreq_crime_216_title_action_tron_dong_bao_hiem_xa_hoi_bao_hiem_y_te_bao_hiem_that_nghiep_cho_nguoi_lao_dong,crime_216,article_216,216,title_action,"trốn đóng bảo hiểm xã hội, bảo hiểm y tế, bảo hiểm thất nghiệp cho người lao động",tron dong bao hiem xa hoi bao hiem y te bao hiem that nghiep cho nguoi lao dong
actreq_crime_217_title_action_vi_pham_quy_dinh_ve_canh_tranh,crime_217,article_217,217,title_action,vi phạm quy định về cạnh tranh,vi pham quy dinh ve canh tranh
actreq_crime_217a_title_action_vi_pham_quy_dinh_ve_kinh_doanh_theo_phuong_thuc_da_cap,crime_217a,article_217a,217a,title_action,vi phạm quy định về kinh doanh theo phương thức đa cấp,vi pham quy dinh ve kinh doanh theo phuong thuc da cap
actreq_crime_218_title_action_vi_pham_quy_dinh_ve_hoat_dong_ban_dau_gia_tai_san,crime_218,article_218,218,title_action,vi phạm quy định về hoạt động bán đấu giá tài sản,vi pham quy dinh ve hoat dong ban dau gia tai san
actreq_crime_219_title_action_vi_pham_quy_dinh_ve_quan_ly_su_dung_tai_san_nha_nuoc_gay_that_thoat_lang_phi,crime_219,article_219,219,title_action,"vi phạm quy định về quản lý, sử dụng tài sản Nhà nước gây thất thoát, lãng phí",vi pham quy dinh ve quan ly su dung tai san nha nuoc gay that thoat lang phi
actreq_crime_220_title_action_vi_pham_quy_dinh_ve_quan_ly_va_su_dung_von_dau_tu_cong_gay_hau_qua_nghiem_trong,crime_220,article_220,220,title_action,vi phạm quy định về quản lý và sử dụng vốn đầu tư công gây hậu quả nghiêm trọng,vi pham quy dinh ve quan ly va su dung von dau tu cong gay hau qua nghiem trong
actreq_crime_221_title_action_vi_pham_quy_dinh_ve_ke_toan_gay_hau_qua_nghiem_trong,crime_221,article_221,221,title_action,vi phạm quy định về kế toán gây hậu quả nghiêm trọng,vi pham quy dinh ve ke toan gay hau qua nghiem trong
actreq_crime_222_title_action_vi_pham_quy_dinh_ve_dau_thau_gay_hau_qua_nghiem_trong,crime_222,article_222,222,title_action,vi phạm quy định về đấu thầu gây hậu quả nghiêm trọng,vi pham quy dinh ve dau thau gay hau qua nghiem trong
actreq_crime_223_title_action_thong_dong_bao_che_cho_nguoi_nop_thue_gay_hau_qua_nghiem_trong,crime_223,article_223,223,title_action,"thông đồng, bao che cho người nộp thuế gây hậu quả nghiêm trọng",thong dong bao che cho nguoi nop thue gay hau qua nghiem trong
actreq_crime_224_title_action_vi_pham_quy_dinh_ve_dau_tu_cong_trinh_xay_dung_gay_hau_qua_nghiem_trong,crime_224,article_224,224,title_action,vi phạm quy định về đầu tư công trình xây dựng gây hậu quả nghiêm trọng,vi pham quy dinh ve dau tu cong trinh xay dung gay hau qua nghiem trong
actreq_crime_225_title_action_xam_pham_quyen_tac_gia_quyen_lien_quan,crime_225,article_225,225,title_action,"xâm phạm quyền tác giả, quyền liên quan",xam pham quyen tac gia quyen lien quan
actreq_crime_226_title_action_xam_pham_quyen_so_huu_cong_nghiep,crime_226,article_226,226,title_action,xâm phạm quyền sở hữu công nghiệp,xam pham quyen so huu cong nghiep
actreq_crime_227_title_action_vi_pham_quy_dinh_ve_nghien_cuu_tham_do_khai_thac_tai_nguyen,crime_227,article_227,227,title_action,"vi phạm quy định về nghiên cứu, thăm dò, khai thác tài nguyên",vi pham quy dinh ve nghien cuu tham do khai thac tai nguyen
actreq_crime_228_title_action_vi_pham_cac_quy_dinh_ve_su_dung_dat_dai,crime_228,article_228,228,title_action,vi phạm các quy định về sử dụng đất đai,vi pham cac quy dinh ve su dung dat dai
actreq_crime_229_title_action_vi_pham_cac_quy_dinh_ve_quan_ly_dat_dai,crime_229,article_229,229,title_action,vi phạm các quy định về quản lý đất đai,vi pham cac quy dinh ve quan ly dat dai
actreq_crime_230_title_action_vi_pham_quy_dinh_ve_boi_thuong_ho_tro_tai_dinh_cu_khi_nha_nuoc_thu_hoi_dat,crime_230,article_230,230,title_action,"vi phạm quy định về bồi thường, hỗ trợ, tái định cư khi Nhà nước thu hồi đất",vi pham quy dinh ve boi thuong ho tro tai dinh cu khi nha nuoc thu hoi dat
actreq_crime_231_title_action_co_y_lam_trai_quy_dinh_ve_phan_phoi_tien_hang_cuu_tro,crime_231,article_231,231,title_action,"cố ý làm trái quy định về phân phối tiền, hàng cứu trợ",co y lam trai quy dinh ve phan phoi tien hang cuu tro
actreq_crime_232_title_action_vi_pham_quy_dinh_ve_khai_thac_bao_ve_rung_va_lam_san,crime_232,article_232,232,title_action,"vi phạm quy định về khai thác, bảo vệ rừng và lâm sản",vi pham quy dinh ve khai thac bao ve rung va lam san
actreq_crime_233_title_action_vi_pham_quy_dinh_ve_quan_ly_rung,crime_233,article_233,233,title_action,vi phạm quy định về quản lý rừng,vi pham quy dinh ve quan ly rung
actreq_crime_234_title_action_vi_pham_quy_dinh_ve_bao_ve_dong_vat_hoang_da,crime_234,article_234,234,title_action,vi phạm quy định về bảo vệ động vật hoang dã,vi pham quy dinh ve bao ve dong vat hoang da
actreq_crime_235_title_action_gay_o_nhiem_moi_truong,crime_235,article_235,235,title_action,gây ô nhiễm môi trường,gay o nhiem moi truong
actreq_crime_236_title_action_vi_pham_quy_dinh_ve_quan_ly_chat_thai_nguy_hai,crime_236,article_236,236,title_action,vi phạm quy định về quản lý chất thải nguy hại,vi pham quy dinh ve quan ly chat thai nguy hai
actreq_crime_237_title_action_vi_pham_quy_dinh_ve_phong_ngua_ung_pho_khac_phuc_su_co_moi_truong,crime_237,article_237,237,title_action,"vi phạm quy định về phòng ngừa, ứng phó, khắc phục sự cố môi trường",vi pham quy dinh ve phong ngua ung pho khac phuc su co moi truong
actreq_crime_238_title_action_vi_pham_quy_dinh_ve_bao_ve_an_toan_cong_trinh_thuy_loi_de_dieu_va_phong_chong_thien_tai_vi_pham_q,crime_238,article_238,238,title_action,"vi phạm quy định về bảo vệ an toàn công trình thủy lợi, đê điều và phòng, chống thiên tai; vi phạm quy định về bảo vệ bờ, bãi sông",vi pham quy dinh ve bao ve an toan cong trinh thuy loi de dieu va phong chong thien tai vi pham quy dinh ve bao ve bo bai song
actreq_crime_239_title_action_dua_chat_thai_vao_lanh_tho_viet_nam,crime_239,article_239,239,title_action,đưa chất thải vào lãnh thổ Việt Nam,dua chat thai vao lanh tho viet nam
actreq_crime_240_title_action_lam_lay_lan_dich_benh_truyen_nhiem_nguy_hiem_cho_nguoi,crime_240,article_240,240,title_action,làm lây lan dịch bệnh truyền nhiễm nguy hiểm cho người,lam lay lan dich benh truyen nhiem nguy hiem cho nguoi
actreq_crime_241_title_action_lam_lay_lan_dich_benh_nguy_hiem_cho_dong_vat_thuc_vat,crime_241,article_241,241,title_action,"làm lây lan dịch bệnh nguy hiểm cho động vật, thực vật",lam lay lan dich benh nguy hiem cho dong vat thuc vat
actreq_crime_242_title_action_huy_hoai_nguon_loi_thuy_san,crime_242,article_242,242,title_action,hủy hoại nguồn lợi thủy sản,huy hoai nguon loi thuy san
actreq_crime_243_title_action_huy_hoai_rung,crime_243,article_243,243,title_action,hủy hoại rừng,huy hoai rung
actreq_crime_244_title_action_vi_pham_quy_dinh_ve_bao_ve_dong_vat_nguy_cap_quy_hiem,crime_244,article_244,244,title_action,"vi phạm quy định về bảo vệ động vật nguy cấp, quý, hiếm",vi pham quy dinh ve bao ve dong vat nguy cap quy hiem
actreq_crime_245_title_action_vi_pham_quy_dinh_ve_quan_ly_khu_bao_ton_thien_nhien,crime_245,article_245,245,title_action,vi phạm quy định về quản lý khu bảo tồn thiên nhiên,vi pham quy dinh ve quan ly khu bao ton thien nhien
actreq_crime_246_title_action_nhap_khau_phat_tan_cac_loai_ngoai_lai_xam_hai,crime_246,article_246,246,title_action,"nhập khẩu, phát tán các loài ngoại lai xâm hại",nhap khau phat tan cac loai ngoai lai xam hai
actreq_crime_247_title_action_trong_cay_thuoc_phien_cay_coca_cay_can_sa_hoac_cac_loai_cay_khac_co_chua_chat_ma_tuy,crime_247,article_247,247,title_action,"trồng cây thuốc phiện, cây côca, cây cần sa hoặc các loại cây khác có chứa chất ma túy",trong cay thuoc phien cay coca cay can sa hoac cac loai cay khac co chua chat ma tuy
actreq_crime_248_title_action_san_xuat_trai_phep_chat_ma_tuy,crime_248,article_248,248,title_action,sản xuất trái phép chất ma túy,san xuat trai phep chat ma tuy
actreq_crime_249_title_action_tang_tru_trai_phep_chat_ma_tuy,crime_249,article_249,249,title_action,tàng trữ trái phép chất ma túy,tang tru trai phep chat ma tuy
actreq_crime_250_title_action_van_chuyen_trai_phep_chat_ma_tuy,crime_250,article_250,250,title_action,vận chuyển trái phép chất ma túy,van chuyen trai phep chat ma tuy
actreq_crime_251_title_action_mua_ban_trai_phep_chat_ma_tuy,crime_251,article_251,251,title_action,mua bán trái phép chất ma túy,mua ban trai phep chat ma tuy
actreq_crime_252_title_action_chiem_doat_chat_ma_tuy,crime_252,article_252,252,title_action,chiếm đoạt chất ma túy,chiem doat chat ma tuy
actreq_crime_253_title_action_tang_tru_van_chuyen_mua_ban_hoac_chiem_doat_tien_chat_dung_vao_viec_san_xuat_trai_phep_chat_ma_tu,crime_253,article_253,253,title_action,"tàng trữ, vận chuyển, mua bán hoặc chiếm đoạt tiền chất dùng vào việc sản xuất trái phép chất ma túy",tang tru van chuyen mua ban hoac chiem doat tien chat dung vao viec san xuat trai phep chat ma tuy
actreq_crime_254_title_action_san_xuat_tang_tru_van_chuyen_hoac_mua_ban_phuong_tien_dung_cu_dung_vao_viec_san_xuat_hoac_su_dung,crime_254,article_254,254,title_action,"sản xuất, tàng trữ, vận chuyển hoặc mua bán phương tiện, dụng cụ dùng vào việc sản xuất hoặc sử dụng trái phép chất ma túy",san xuat tang tru van chuyen hoac mua ban phuong tien dung cu dung vao viec san xuat hoac su dung trai phep chat ma tuy
actreq_crime_255_title_action_to_chuc_su_dung_trai_phep_chat_ma_tuy,crime_255,article_255,255,title_action,tổ chức sử dụng trái phép chất ma túy,to chuc su dung trai phep chat ma tuy
actreq_crime_256_title_action_chua_chap_viec_su_dung_trai_phep_chat_ma_tuy,crime_256,article_256,256,title_action,chứa chấp việc sử dụng trái phép chất ma túy,chua chap viec su dung trai phep chat ma tuy
actreq_crime_256a_title_action_su_dung_trai_phep_chat_ma_tuy,crime_256a,article_256a,256a,title_action,sử dụng trái phép chất ma túy,su dung trai phep chat ma tuy
actreq_crime_257_title_action_cuong_buc_nguoi_khac_su_dung_trai_phep_chat_ma_tuy,crime_257,article_257,257,title_action,cưỡng bức người khác sử dụng trái phép chất ma túy,cuong buc nguoi khac su dung trai phep chat ma tuy
actreq_crime_258_title_action_loi_keo_nguoi_khac_su_dung_trai_phep_chat_ma_tuy,crime_258,article_258,258,title_action,lôi kéo người khác sử dụng trái phép chất ma túy,loi keo nguoi khac su dung trai phep chat ma tuy
actreq_crime_259_title_action_vi_pham_quy_dinh_ve_quan_ly_chat_ma_tuy_tien_chat_thuoc_gay_nghien_thuoc_huong_than,crime_259,article_259,259,title_action,"vi phạm quy định về quản lý chất ma túy, tiền chất, thuốc gây nghiện, thuốc hướng thần",vi pham quy dinh ve quan ly chat ma tuy tien chat thuoc gay nghien thuoc huong than
actreq_crime_260_title_action_vi_pham_quy_dinh_ve_tham_gia_giao_thong_duong_bo,crime_260,article_260,260,title_action,vi phạm quy định về tham gia giao thông đường bộ,vi pham quy dinh ve tham gia giao thong duong bo
actreq_crime_261_title_action_can_tro_giao_thong_duong_bo,crime_261,article_261,261,title_action,cản trở giao thông đường bộ,can tro giao thong duong bo
actreq_crime_262_title_action_dua_vao_su_dung_phuong_tien_giao_thong_co_gioi_duong_bo_xe_may_chuyen_dung_khong_bao_dam_an_toan,crime_262,article_262,262,title_action,"đưa vào sử dụng phương tiện giao thông cơ giới đường bộ, xe máy chuyên dùng không bảo đảm an toàn",dua vao su dung phuong tien giao thong co gioi duong bo xe may chuyen dung khong bao dam an toan
actreq_crime_263_title_action_dieu_dong_nguoi_khong_du_dieu_kien_dieu_khien_phuong_tien_tham_gia_giao_thong_duong_bo,crime_263,article_263,263,title_action,điều động người không đủ điều kiện điều khiển phương tiện tham gia giao thông đường bộ,dieu dong nguoi khong du dieu kien dieu khien phuong tien tham gia giao thong duong bo
actreq_crime_264_title_action_giao_cho_nguoi_khong_du_dieu_kien_dieu_khien_phuong_tien_tham_gia_giao_thong_duong_bo,crime_264,article_264,264,title_action,giao cho người không đủ điều kiện điều khiển phương tiện tham gia giao thông đường bộ,giao cho nguoi khong du dieu kien dieu khien phuong tien tham gia giao thong duong bo
actreq_crime_265_title_action_to_chuc_dua_xe_trai_phep,crime_265,article_265,265,title_action,tổ chức đua xe trái phép,to chuc dua xe trai phep
actreq_crime_266_title_action_dua_xe_trai_phep,crime_266,article_266,266,title_action,đua xe trái phép,dua xe trai phep
actreq_crime_267_title_action_vi_pham_quy_dinh_ve_dieu_khien_phuong_tien_giao_thong_duong_sat,crime_267,article_267,267,title_action,vi phạm quy định về điều khiển phương tiện giao thông đường sắt,vi pham quy dinh ve dieu khien phuong tien giao thong duong sat
actreq_crime_268_title_action_can_tro_giao_thong_duong_sat,crime_268,article_268,268,title_action,cản trở giao thông đường sắt,can tro giao thong duong sat
actreq_crime_269_title_action_dua_vao_su_dung_phuong_tien_thiet_bi_giao_thong_duong_sat_khong_bao_dam_an_toan,crime_269,article_269,269,title_action,"đưa vào sử dụng phương tiện, thiết bị giao thông đường sắt không bảo đảm an toàn",dua vao su dung phuong tien thiet bi giao thong duong sat khong bao dam an toan
actreq_crime_270_title_action_dieu_dong_nguoi_khong_du_dieu_kien_dieu_khien_phuong_tien_giao_thong_duong_sat,crime_270,article_270,270,title_action,điều động người không đủ điều kiện điều khiển phương tiện giao thông đường sắt,dieu dong nguoi khong du dieu kien dieu khien phuong tien giao thong duong sat
actreq_crime_271_title_action_giao_cho_nguoi_khong_du_dieu_kien_dieu_khien_phuong_tien_giao_thong_duong_sat,crime_271,article_271,271,title_action,giao cho người không đủ điều kiện điều khiển phương tiện giao thông đường sắt,giao cho nguoi khong du dieu kien dieu khien phuong tien giao thong duong sat
actreq_crime_272_title_action_vi_pham_quy_dinh_ve_dieu_khien_phuong_tien_giao_thong_duong_thuy,crime_272,article_272,272,title_action,vi phạm quy định về điều khiển phương tiện giao thông đường thủy,vi pham quy dinh ve dieu khien phuong tien giao thong duong thuy
actreq_crime_273_title_action_can_tro_giao_thong_duong_thuy,crime_273,article_273,273,title_action,cản trở giao thông đường thủy,can tro giao thong duong thuy
actreq_crime_274_title_action_dua_vao_su_dung_phuong_tien_giao_thong_duong_thuy_khong_bao_dam_an_toan,crime_274,article_274,274,title_action,đưa vào sử dụng phương tiện giao thông đường thủy không bảo đảm an toàn,dua vao su dung phuong tien giao thong duong thuy khong bao dam an toan
actreq_crime_275_title_action_dieu_dong_nguoi_khong_du_dieu_kien_dieu_khien_phuong_tien_giao_thong_duong_thuy,crime_275,article_275,275,title_action,điều động người không đủ điều kiện điều khiển phương tiện giao thông đường thủy,dieu dong nguoi khong du dieu kien dieu khien phuong tien giao thong duong thuy
actreq_crime_276_title_action_giao_cho_nguoi_khong_du_dieu_kien_dieu_khien_phuong_tien_giao_thong_duong_thuy,crime_276,article_276,276,title_action,giao cho người không đủ điều kiện điều khiển phương tiện giao thông đường thủy,giao cho nguoi khong du dieu kien dieu khien phuong tien giao thong duong thuy
actreq_crime_277_title_action_vi_pham_quy_dinh_ve_dieu_khien_tau_bay,crime_277,article_277,277,title_action,vi phạm quy định về điều khiển tàu bay,vi pham quy dinh ve dieu khien tau bay
actreq_crime_278_title_action_can_tro_giao_thong_duong_khong,crime_278,article_278,278,title_action,cản trở giao thông đường không,can tro giao thong duong khong
actreq_crime_279_title_action_dua_vao_su_dung_tau_bay_thiet_bi_bao_dam_hoat_dong_bay_khong_bao_dam_an_toan,crime_279,article_279,279,title_action,"đưa vào sử dụng tàu bay, thiết bị bảo đảm hoạt động bay không bảo đảm an toàn",dua vao su dung tau bay thiet bi bao dam hoat dong bay khong bao dam an toan
actreq_crime_280_title_action_dieu_dong_hoac_giao_cho_nguoi_khong_du_dieu_kien_dieu_khien_tau_bay,crime_280,article_280,280,title_action,điều động hoặc giao cho người không đủ điều kiện điều khiển tàu bay,dieu dong hoac giao cho nguoi khong du dieu kien dieu khien tau bay
actreq_crime_281_title_action_vi_pham_quy_dinh_ve_duy_tu_sua_chua_quan_ly_cong_trinh_giao_thong,crime_281,article_281,281,title_action,"vi phạm quy định về duy tu, sửa chữa, quản lý công trình giao thông",vi pham quy dinh ve duy tu sua chua quan ly cong trinh giao thong
actreq_crime_282_title_action_chiem_doat_tau_bay_tau_thuy,crime_282,article_282,282,title_action,"chiếm đoạt tàu bay, tàu thủy",chiem doat tau bay tau thuy
actreq_crime_283_title_action_dieu_khien_tau_bay_vi_pham_quy_dinh_ve_hang_khong_cua_nuoc,crime_283,article_283,283,title_action,điều khiển tàu bay vi phạm quy định về hàng không của nước,dieu khien tau bay vi pham quy dinh ve hang khong cua nuoc
actreq_crime_284_title_action_dieu_khien_phuong_tien_hang_hai_vi_pham_quy_dinh_ve_hang_hai_cua_nuoc_cong_hoa_xa_hoi_chu_nghia_v,crime_284,article_284,284,title_action,điều khiển phương tiện hàng hải vi phạm quy định về hàng hải của nước Cộng hòa xã hội chủ nghĩa Việt Nam,dieu khien phuong tien hang hai vi pham quy dinh ve hang hai cua nuoc cong hoa xa hoi chu nghia viet nam
actreq_crime_285_title_action_san_xuat_mua_ban_trao_doi_hoac_tang_cho_cong_cu_thiet_bi_phan_mem_de_su_dung_vao_muc_dich_trai_ph,crime_285,article_285,285,title_action,"sản xuất, mua bán, trao đổi hoặc tặng cho công cụ, thiết bị, phần mềm để sử dụng vào mục đích trái pháp luật",san xuat mua ban trao doi hoac tang cho cong cu thiet bi phan mem de su dung vao muc dich trai phap luat
actreq_crime_286_title_action_phat_tan_chuong_trinh_tin_hoc_gay_hai_cho_hoat_dong_cua_mang_may_tinh_mang_vien_thong_phuong_tien,crime_286,article_286,286,title_action,"phát tán chương trình tin học gây hại cho hoạt động của mạng máy tính, mạng viễn thông, phương tiện điện tử",phat tan chuong trinh tin hoc gay hai cho hoat dong cua mang may tinh mang vien thong phuong tien dien tu
actreq_crime_287_title_action_can_tro_hoac_gay_roi_loan_hoat_dong_cua_mang_may_tinh_mang_vien_thong_phuong_tien_dien_tu,crime_287,article_287,287,title_action,"cản trở hoặc gây rối loạn hoạt động của mạng máy tính, mạng viễn thông, phương tiện điện tử",can tro hoac gay roi loan hoat dong cua mang may tinh mang vien thong phuong tien dien tu
actreq_crime_288_title_action_dua_hoac_su_dung_trai_phep_thong_tin_mang_may_tinh_mang_vien_thong,crime_288,article_288,288,title_action,"đưa hoặc sử dụng trái phép thông tin mạng máy tính, mạng viễn thông",dua hoac su dung trai phep thong tin mang may tinh mang vien thong
actreq_crime_289_title_action_xam_nhap_trai_phep_vao_mang_may_tinh_mang_vien_thong_hoac_phuong_tien_dien_tu_cua_nguoi_khac,crime_289,article_289,289,title_action,"xâm nhập trái phép vào mạng máy tính, mạng viễn thông hoặc phương tiện điện tử của người khác",xam nhap trai phep vao mang may tinh mang vien thong hoac phuong tien dien tu cua nguoi khac
actreq_crime_290_title_action_su_dung_mang_may_tinh_mang_vien_thong_phuong_tien_dien_tu_thuc_hien_hanh_vi_chiem_doat_tai_san,crime_290,article_290,290,title_action,"sử dụng mạng máy tính, mạng viễn thông, phương tiện điện tử thực hiện hành vi chiếm đoạt tài sản",su dung mang may tinh mang vien thong phuong tien dien tu thuc hien hanh vi chiem doat tai san
actreq_crime_291_title_action_thu_thap_tang_tru_trao_doi_mua_ban_cong_khai_hoa_trai_phep_thong_tin_ve_tai_khoan_ngan_hang,crime_291,article_291,291,title_action,"thu thập, tàng trữ, trao đổi, mua bán, công khai hóa trái phép thông tin về tài khoản ngân hàng",thu thap tang tru trao doi mua ban cong khai hoa trai phep thong tin ve tai khoan ngan hang
actreq_crime_293_title_action_su_dung_trai_phep_tan_so_vo_tuyen_dien_danh_rieng_cho_muc_dich_cap_cuu_an_toan_tim_kiem_cuu_ho_cu,crime_293,article_293,293,title_action,"sử dụng trái phép tần số vô tuyến điện dành riêng cho mục đích cấp cứu, an toàn, tìm kiếm, cứu hộ, cứu nạn, quốc phòng, an ninh",su dung trai phep tan so vo tuyen dien danh rieng cho muc dich cap cuu an toan tim kiem cuu ho cuu nan quoc phong an ninh
actreq_crime_294_title_action_co_y_gay_nhieu_co_hai,crime_294,article_294,294,title_action,cố ý gây nhiễu có hại,co y gay nhieu co hai
actreq_crime_295_title_action_vi_pham_quy_dinh_ve_an_toan_lao_dong_ve_sinh_lao_dong_ve_an_toan_o_noi_dong_nguoi,crime_295,article_295,295,title_action,"vi phạm quy định về an toàn lao động, vệ sinh lao động, về an toàn ở nơi đông người",vi pham quy dinh ve an toan lao dong ve sinh lao dong ve an toan o noi dong nguoi
actreq_crime_296_title_action_vi_pham_quy_dinh_ve_su_dung_nguoi_lao_dong_duoi_16_tuoi,crime_296,article_296,296,title_action,vi phạm quy định về sử dụng người lao động dưới 16 tuổi,vi pham quy dinh ve su dung nguoi lao dong duoi 16 tuoi
actreq_crime_297_title_action_cuong_buc_lao_dong,crime_297,article_297,297,title_action,cưỡng bức lao động,cuong buc lao dong
actreq_crime_298_title_action_vi_pham_quy_dinh_ve_xay_dung_gay_hau_qua_nghiem_trong,crime_298,article_298,298,title_action,vi phạm quy định về xây dựng gây hậu quả nghiêm trọng,vi pham quy dinh ve xay dung gay hau qua nghiem trong
actreq_crime_299_title_action_khung_bo,crime_299,article_299,299,title_action,khủng bố,khung bo
actreq_crime_300_title_action_tai_tro_khung_bo,crime_300,article_300,300,title_action,tài trợ khủng bố,tai tro khung bo
actreq_crime_301_title_action_bat_coc_con_tin,crime_301,article_301,301,title_action,bắt cóc con tin,bat coc con tin
actreq_crime_302_title_action_cuop_bien,crime_302,article_302,302,title_action,cướp biển,cuop bien
actreq_crime_303_title_action_pha_huy_cong_trinh_co_so_phuong_tien_quan_trong_ve_an_ninh_quoc_gia,crime_303,article_303,303,title_action,"phá hủy công trình, cơ sở, phương tiện quan trọng về an ninh quốc gia",pha huy cong trinh co so phuong tien quan trong ve an ninh quoc gia
actreq_crime_304_title_action_che_tao_tang_tru_van_chuyen_su_dung_mua_ban_trai_phep_hoac_chiem_doat_vu_khi_quan_dung_phuong_tie,crime_304,article_304,304,title_action,"chế tạo, tàng trữ, vận chuyển, sử dụng, mua bán trái phép hoặc chiếm đoạt vũ khí quân dụng, phương tiện kỹ thuật quân sự",che tao tang tru van chuyen su dung mua ban trai phep hoac chiem doat vu khi quan dung phuong tien ky thuat quan su
actreq_crime_305_title_action_che_tao_tang_tru_van_chuyen_su_dung_mua_ban_trai_phep_hoac_chiem_doat_vat_lieu_no,crime_305,article_305,305,title_action,"chế tạo, tàng trữ, vận chuyển, sử dụng, mua bán trái phép hoặc chiếm đoạt vật liệu nổ",che tao tang tru van chuyen su dung mua ban trai phep hoac chiem doat vat lieu no
actreq_crime_306_title_action_che_tao_tang_tru_van_chuyen_su_dung_mua_ban_trai_phep_hoac_chiem_doat_sung_san_vu_khi_tho_so_vu_k,crime_306,article_306,306,title_action,"chế tạo, tàng trữ, vận chuyển, sử dụng, mua bán trái phép hoặc chiếm đoạt súng săn, vũ khí thô sơ, vũ khí thể thao hoặc công cụ hỗ trợ",che tao tang tru van chuyen su dung mua ban trai phep hoac chiem doat sung san vu khi tho so vu khi the thao hoac cong cu ho tro
actreq_crime_307_title_action_vi_pham_quy_dinh_ve_quan_ly_vu_khi_vat_lieu_no_cong_cu_ho_tro,crime_307,article_307,307,title_action,"vi phạm quy định về quản lý vũ khí, vật liệu nổ, công cụ hỗ trợ",vi pham quy dinh ve quan ly vu khi vat lieu no cong cu ho tro
actreq_crime_308_title_action_thieu_trach_nhiem_trong_viec_giu_vu_khi_vat_lieu_no_cong_cu_ho_tro_gay_hau_qua_nghiem_trong,crime_308,article_308,308,title_action,"thiếu trách nhiệm trong việc giữ vũ khí, vật liệu nổ, công cụ hỗ trợ gây hậu quả nghiêm trọng",thieu trach nhiem trong viec giu vu khi vat lieu no cong cu ho tro gay hau qua nghiem trong
actreq_crime_309_title_action_san_xuat_tang_tru_van_chuyen_su_dung_phat_tan_mua_ban_trai_phep_hoac_chiem_doat_chat_phong_xa_vat,crime_309,article_309,309,title_action,"sản xuất, tàng trữ, vận chuyển, sử dụng, phát tán, mua bán trái phép hoặc chiếm đoạt chất phóng xạ, vật liệu hạt nhân",san xuat tang tru van chuyen su dung phat tan mua ban trai phep hoac chiem doat chat phong xa vat lieu hat nhan
actreq_crime_310_title_action_vi_pham_quy_dinh_ve_quan_ly_chat_phong_xa_vat_lieu_hat_nhan,crime_310,article_310,310,title_action,"vi phạm quy định về quản lý chất phóng xạ, vật liệu hạt nhân",vi pham quy dinh ve quan ly chat phong xa vat lieu hat nhan
actreq_crime_311_title_action_san_xuat_tang_tru_van_chuyen_su_dung_hoac_mua_ban_trai_phep_chat_chay_chat_doc,crime_311,article_311,311,title_action,"sản xuất, tàng trữ, vận chuyển, sử dụng hoặc mua bán trái phép chất cháy, chất độc",san xuat tang tru van chuyen su dung hoac mua ban trai phep chat chay chat doc
actreq_crime_312_title_action_vi_pham_quy_dinh_ve_quan_ly_chat_chay_chat_doc,crime_312,article_312,312,title_action,"vi phạm quy định về quản lý chất cháy, chất độc",vi pham quy dinh ve quan ly chat chay chat doc
actreq_crime_313_title_action_vi_pham_quy_dinh_ve_phong_chay_chua_chay,crime_313,article_313,313,title_action,"vi phạm quy định về phòng cháy, chữa cháy",vi pham quy dinh ve phong chay chua chay
actreq_crime_314_title_action_vi_pham_quy_dinh_ve_an_toan_van_hanh_cong_trinh_dien_luc,crime_314,article_314,314,title_action,vi phạm quy định về an toàn vận hành công trình điện lực,vi pham quy dinh ve an toan van hanh cong trinh dien luc
actreq_crime_315_title_action_vi_pham_quy_dinh_ve_kham_benh_chua_benh_san_xuat_pha_che_cap_phat_ban_thuoc_hoac_dich_vu_y_te_kha,crime_315,article_315,315,title_action,"vi phạm quy định về khám bệnh, chữa bệnh, sản xuất, pha chế, cấp phát, bán thuốc hoặc dịch vụ y tế khác",vi pham quy dinh ve kham benh chua benh san xuat pha che cap phat ban thuoc hoac dich vu y te khac
actreq_crime_316_title_action_pha_thai_trai_phep,crime_316,article_316,316,title_action,phá thai trái phép,pha thai trai phep
actreq_crime_318_title_action_gay_roi_trat_tu_cong_cong,crime_318,article_318,318,title_action,gây rối trật tự công cộng,gay roi trat tu cong cong
actreq_crime_319_title_action_xam_pham_thi_the_mo_ma_hai_cot,crime_319,article_319,319,title_action,"xâm phạm thi thể, mồ mả, hài cốt",xam pham thi the mo ma hai cot
actreq_crime_320_title_action_hanh_nghe_me_tin_di_doan,crime_320,article_320,320,title_action,"hành nghề mê tín, dị đoan",hanh nghe me tin di doan
actreq_crime_321_title_action_danh_bac,crime_321,article_321,321,title_action,đánh bạc,danh bac
actreq_crime_322_title_action_to_chuc_danh_bac_hoac_ga_bac,crime_322,article_322,322,title_action,tổ chức đánh bạc hoặc gá bạc,to chuc danh bac hoac ga bac
actreq_crime_323_title_action_chua_chap_hoac_tieu_thu_tai_san_do_nguoi_khac_pham_toi_ma_co,crime_323,article_323,323,title_action,chứa chấp hoặc tiêu thụ tài sản do người khác phạm tội mà có,chua chap hoac tieu thu tai san do nguoi khac pham toi ma co
actreq_crime_324_title_action_rua_tien,crime_324,article_324,324,title_action,rửa tiền,rua tien
actreq_crime_325_title_action_du_do_ep_buoc_hoac_chua_chap_nguoi_duoi_18_tuoi_pham_phap,crime_325,article_325,325,title_action,"dụ dỗ, ép buộc hoặc chứa chấp người dưới 18 tuổi phạm pháp",du do ep buoc hoac chua chap nguoi duoi 18 tuoi pham phap
actreq_crime_326_title_action_truyen_ba_van_hoa_pham_doi_truy,crime_326,article_326,326,title_action,truyền bá văn hóa phẩm đồi trụy,truyen ba van hoa pham doi truy
actreq_crime_327_title_action_chua_mai_dam,crime_327,article_327,327,title_action,chứa mại dâm,chua mai dam
actreq_crime_328_title_action_moi_gioi_mai_dam,crime_328,article_328,328,title_action,môi giới mại dâm,moi gioi mai dam
actreq_crime_329_title_action_mua_dam_nguoi_duoi_18_tuoi,crime_329,article_329,329,title_action,mua dâm người dưới 18 tuổi,mua dam nguoi duoi 18 tuoi
actreq_crime_330_title_action_chong_nguoi_thi_hanh_cong_vu,crime_330,article_330,330,title_action,chống người thi hành công vụ,chong nguoi thi hanh cong vu
actreq_crime_331_title_action_loi_dung_cac_quyen_tu_do_dan_chu_xam_pham_loi_ich_cua_nha_nuoc_quyen_loi_ich_hop_phap_cua_to_chuc,crime_331,article_331,331,title_action,"lợi dụng các quyền tự do dân chủ xâm phạm lợi ích của Nhà nước, quyền, lợi ích hợp pháp của tổ chức, cá nhân",loi dung cac quyen tu do dan chu xam pham loi ich cua nha nuoc quyen loi ich hop phap cua to chuc ca nhan
actreq_crime_332_title_action_tron_tranh_nghia_vu_quan_su,crime_332,article_332,332,title_action,trốn tránh nghĩa vụ quân sự,tron tranh nghia vu quan su
actreq_crime_333_title_action_khong_chap_hanh_lenh_goi_quan_nhan_du_bi_nhap_ngu,crime_333,article_333,333,title_action,không chấp hành lệnh gọi quân nhân dự bị nhập ngũ,khong chap hanh lenh goi quan nhan du bi nhap ngu
actreq_crime_334_title_action_lam_trai_quy_dinh_ve_viec_thuc_hien_nghia_vu_quan_su,crime_334,article_334,334,title_action,làm trái quy định về việc thực hiện nghĩa vụ quân sự,lam trai quy dinh ve viec thuc hien nghia vu quan su
actreq_crime_335_title_action_can_tro_viec_thuc_hien_nghia_vu_quan_su,crime_335,article_335,335,title_action,cản trở việc thực hiện nghĩa vụ quân sự,can tro viec thuc hien nghia vu quan su
actreq_crime_336_title_action_dang_ky_ho_tich_trai_phap_luat,crime_336,article_336,336,title_action,đăng ký hộ tịch trái pháp luật,dang ky ho tich trai phap luat
actreq_crime_337_title_action_co_y_lam_lo_bi_mat_nha_nuoc_toi_chiem_doat_mua_ban_hoac_tieu_huy_vat_hoac_tai_lieu_bi_mat_nha_nuo,crime_337,article_337,337,title_action,"cố ý làm lộ bí mật nhà nước; tội chiếm đoạt, mua bán hoặc tiêu hủy vật hoặc tài liệu bí mật nhà nước",co y lam lo bi mat nha nuoc toi chiem doat mua ban hoac tieu huy vat hoac tai lieu bi mat nha nuoc
actreq_crime_338_title_action_vo_y_lam_lo_bi_mat_nha_nuoc_toi_lam_mat_vat_tai_lieu_bi_mat_nha_nuoc,crime_338,article_338,338,title_action,"vô ý làm lộ bí mật nhà nước; tội làm mất vật, tài liệu bí mật nhà nước",vo y lam lo bi mat nha nuoc toi lam mat vat tai lieu bi mat nha nuoc
actreq_crime_339_title_action_gia_mao_chuc_vu_cap_bac_vi_tri_cong_tac,crime_339,article_339,339,title_action,"giả mạo chức vụ, cấp bậc, vị trí công tác",gia mao chuc vu cap bac vi tri cong tac
actreq_crime_340_title_action_sua_chua_va_su_dung_giay_chung_nhan_cac_tai_lieu_cua_co_quan_to_chuc,crime_340,article_340,340,title_action,"sửa chữa và sử dụng giấy chứng nhận, các tài liệu của cơ quan, tổ chức",sua chua va su dung giay chung nhan cac tai lieu cua co quan to chuc
actreq_crime_341_title_action_lam_gia_con_dau_tai_lieu_cua_co_quan_to_chuc_toi_su_dung_con_dau_hoac_tai_lieu_gia_cua_co_quan_to,crime_341,article_341,341,title_action,"làm giả con dấu, tài liệu của cơ quan, tổ chức; tội sử dụng con dấu hoặc tài liệu giả của cơ quan, tổ chức",lam gia con dau tai lieu cua co quan to chuc toi su dung con dau hoac tai lieu gia cua co quan to chuc
actreq_crime_342_title_action_chiem_doat_mua_ban_tieu_huy_con_dau_tai_lieu_cua_co_quan_to_chuc,crime_342,article_342,342,title_action,"chiếm đoạt, mua bán, tiêu hủy con dấu, tài liệu của cơ quan, tổ chức",chiem doat mua ban tieu huy con dau tai lieu cua co quan to chuc
actreq_crime_343_title_action_vi_pham_cac_quy_dinh_ve_quan_ly_nha_o,crime_343,article_343,343,title_action,vi phạm các quy định về quản lý nhà ở,vi pham cac quy dinh ve quan ly nha o
actreq_crime_344_title_action_vi_pham_quy_dinh_ve_hoat_dong_xuat_ban,crime_344,article_344,344,title_action,vi phạm quy định về hoạt động xuất bản,vi pham quy dinh ve hoat dong xuat ban
actreq_crime_345_title_action_vi_pham_cac_quy_dinh_ve_bao_ve_va_su_dung_di_tich_lich_su_van_hoa_danh_lam_thang_canh_gay_hau_qua,crime_345,article_345,345,title_action,"vi phạm các quy định về bảo vệ và sử dụng di tích lịch sử - văn hóa, danh lam, thắng cảnh gây hậu quả nghiêm trọng",vi pham cac quy dinh ve bao ve va su dung di tich lich su van hoa danh lam thang canh gay hau qua nghiem trong
actreq_crime_346_title_action_vi_pham_quy_che_ve_khu_vuc_bien_gioi,crime_346,article_346,346,title_action,vi phạm quy chế về khu vực biên giới,vi pham quy che ve khu vuc bien gioi
actreq_crime_347_title_action_vi_pham_quy_dinh_ve_xuat_canh_nhap_canh_toi_o_lai_viet_nam_trai_phep,crime_347,article_347,347,title_action,"vi phạm quy định về xuất cảnh, nhập cảnh; tội ở lại Việt Nam trái phép",vi pham quy dinh ve xuat canh nhap canh toi o lai viet nam trai phep
actreq_crime_348_title_action_to_chuc_moi_gioi_cho_nguoi_khac_xuat_canh_nhap_canh_hoac_o_lai_viet_nam_trai_phep,crime_348,article_348,348,title_action,"tổ chức, môi giới cho người khác xuất cảnh, nhập cảnh hoặc ở lại Việt Nam trái phép",to chuc moi gioi cho nguoi khac xuat canh nhap canh hoac o lai viet nam trai phep
actreq_crime_349_title_action_to_chuc_moi_gioi_cho_nguoi_khac_tron_di_nuoc_ngoai_hoac_o_lai_nuoc_ngoai_trai_phep,crime_349,article_349,349,title_action,"tổ chức, môi giới cho người khác trốn đi nước ngoài hoặc ở lại nước ngoài trái phép",to chuc moi gioi cho nguoi khac tron di nuoc ngoai hoac o lai nuoc ngoai trai phep
actreq_crime_350_title_action_cuong_ep_nguoi_khac_tron_di_nuoc_ngoai_hoac_o_lai_nuoc_ngoai_trai_phep,crime_350,article_350,350,title_action,cưỡng ép người khác trốn đi nước ngoài hoặc ở lại nước ngoài trái phép,cuong ep nguoi khac tron di nuoc ngoai hoac o lai nuoc ngoai trai phep
actreq_crime_351_title_action_xuc_pham_quoc_ky_quoc_huy_quoc_ca,crime_351,article_351,351,title_action,"xúc phạm Quốc kỳ, Quốc huy, Quốc ca",xuc pham quoc ky quoc huy quoc ca
actreq_crime_352_title_action_khai_niem_toi_pham_ve_chuc_vu,crime_352,article_352,352,title_action,Khái niệm tội phạm về chức vụ,khai niem toi pham ve chuc vu
actreq_crime_353_title_action_tham_o_tai_san,crime_353,article_353,353,title_action,tham ô tài sản,tham o tai san
actreq_crime_354_title_action_nhan_hoi_lo,crime_354,article_354,354,title_action,nhận hối lộ,nhan hoi lo
actreq_crime_355_title_action_lam_dung_chuc_vu_quyen_han_chiem_doat_tai_san,crime_355,article_355,355,title_action,"lạm dụng chức vụ, quyền hạn chiếm đoạt tài sản",lam dung chuc vu quyen han chiem doat tai san
actreq_crime_356_title_action_loi_dung_chuc_vu_quyen_han_trong_khi_thi_hanh_cong_vu,crime_356,article_356,356,title_action,"lợi dụng chức vụ, quyền hạn trong khi thi hành công vụ",loi dung chuc vu quyen han trong khi thi hanh cong vu
actreq_crime_357_title_action_lam_quyen_trong_khi_thi_hanh_cong_vu,crime_357,article_357,357,title_action,lạm quyền trong khi thi hành công vụ,lam quyen trong khi thi hanh cong vu
actreq_crime_358_title_action_loi_dung_chuc_vu_quyen_han_gay_anh_huong_doi_voi_nguoi_khac_de_truc_loi,crime_358,article_358,358,title_action,"lợi dụng chức vụ, quyền hạn gây ảnh hưởng đối với người khác để trục lợi",loi dung chuc vu quyen han gay anh huong doi voi nguoi khac de truc loi
actreq_crime_359_title_action_gia_mao_trong_cong_tac,crime_359,article_359,359,title_action,giả mạo trong công tác,gia mao trong cong tac
actreq_crime_360_title_action_thieu_trach_nhiem_gay_hau_qua_nghiem_trong,crime_360,article_360,360,title_action,thiếu trách nhiệm gây hậu quả nghiêm trọng,thieu trach nhiem gay hau qua nghiem trong
actreq_crime_361_title_action_co_y_lam_lo_bi_mat_cong_tac_toi_chiem_doat_mua_ban_hoac_tieu_huy_tai_lieu_bi_mat_cong_tac,crime_361,article_361,361,title_action,"cố ý làm lộ bí mật công tác; tội chiếm đoạt, mua bán hoặc tiêu hủy tài liệu bí mật công tác",co y lam lo bi mat cong tac toi chiem doat mua ban hoac tieu huy tai lieu bi mat cong tac
actreq_crime_362_title_action_vo_y_lam_lo_bi_mat_cong_tac_toi_lam_mat_tai_lieu_bi_mat_cong_tac,crime_362,article_362,362,title_action,vô ý làm lộ bí mật công tác; tội làm mất tài liệu bí mật công tác,vo y lam lo bi mat cong tac toi lam mat tai lieu bi mat cong tac
actreq_crime_363_title_action_dao_nhiem,crime_363,article_363,363,title_action,đào nhiệm,dao nhiem
actreq_crime_364_title_action_dua_hoi_lo,crime_364,article_364,364,title_action,đưa hối lộ,dua hoi lo
actreq_crime_365_title_action_moi_gioi_hoi_lo,crime_365,article_365,365,title_action,môi giới hối lộ,moi gioi hoi lo
actreq_crime_366_title_action_loi_dung_anh_huong_doi_voi_nguoi_co_chuc_vu_quyen_han_de_truc_loi,crime_366,article_366,366,title_action,lợi dụng ảnh hưởng đối với người có chức vụ quyền hạn để trục lợi,loi dung anh huong doi voi nguoi co chuc vu quyen han de truc loi
actreq_crime_367_title_action_khai_niem_toi_xam_pham_hoat_dong_tu_phap,crime_367,article_367,367,title_action,Khái niệm tội xâm phạm hoạt động tư pháp,khai niem toi xam pham hoat dong tu phap
actreq_crime_368_title_action_truy_cuu_trach_nhiem_hinh_su_nguoi_khong_co_toi,crime_368,article_368,368,title_action,truy cứu trách nhiệm hình sự người không có tội,truy cuu trach nhiem hinh su nguoi khong co toi
actreq_crime_369_title_action_khong_truy_cuu_trach_nhiem_hinh_su_nguoi_co_toi,crime_369,article_369,369,title_action,không truy cứu trách nhiệm hình sự người có tội,khong truy cuu trach nhiem hinh su nguoi co toi
actreq_crime_370_title_action_ra_ban_an_trai_phap_luat,crime_370,article_370,370,title_action,ra bản án trái pháp luật,ra ban an trai phap luat
actreq_crime_371_title_action_ra_quyet_dinh_trai_phap_luat,crime_371,article_371,371,title_action,ra quyết định trái pháp luật,ra quyet dinh trai phap luat
actreq_crime_372_title_action_ep_buoc_nguoi_co_tham_quyen_trong_hoat_dong_tu_phap_lam_trai_phap_luat,crime_372,article_372,372,title_action,ép buộc người có thẩm quyền trong hoạt động tư pháp làm trái pháp luật,ep buoc nguoi co tham quyen trong hoat dong tu phap lam trai phap luat
actreq_crime_373_title_action_dung_nhuc_hinh,crime_373,article_373,373,title_action,dùng nhục hình,dung nhuc hinh
actreq_crime_374_title_action_buc_cung,crime_374,article_374,374,title_action,bức cung,buc cung
actreq_crime_375_title_action_lam_sai_lech_ho_so_vu_an_vu_viec,crime_375,article_375,375,title_action,"làm sai lệch hồ sơ vụ án, vụ việc",lam sai lech ho so vu an vu viec
actreq_crime_376_title_action_thieu_trach_nhiem_de_nguoi_bi_bat_nguoi_bi_tam_giu_tam_giam_nguoi_dang_chap_hanh_an_phat_tu_tron,crime_376,article_376,376,title_action,"thiếu trách nhiệm để người bị bắt, người bị tạm giữ, tạm giam, người đang chấp hành án phạt tù trốn",thieu trach nhiem de nguoi bi bat nguoi bi tam giu tam giam nguoi dang chap hanh an phat tu tron
actreq_crime_377_title_action_loi_dung_chuc_vu_quyen_han_bat_giu_giam_nguoi_trai_phap_luat,crime_377,article_377,377,title_action,"lợi dụng chức vụ, quyền hạn bắt, giữ, giam người trái pháp luật",loi dung chuc vu quyen han bat giu giam nguoi trai phap luat
actreq_crime_378_title_action_tha_trai_phap_luat_nguoi_bi_bat_nguoi_dang_bi_tam_giu_tam_giam_nguoi_dang_chap_hanh_an_phat_tu,crime_378,article_378,378,title_action,"tha trái pháp luật người bị bắt, người đang bị tạm giữ, tạm giam, người đang chấp hành án phạt tù",tha trai phap luat nguoi bi bat nguoi dang bi tam giu tam giam nguoi dang chap hanh an phat tu
actreq_crime_379_title_action_khong_thi_hanh_an,crime_379,article_379,379,title_action,không thi hành án,khong thi hanh an
actreq_crime_380_title_action_khong_chap_hanh_an,crime_380,article_380,380,title_action,không chấp hành án,khong chap hanh an
actreq_crime_381_title_action_can_tro_viec_thi_hanh_an,crime_381,article_381,381,title_action,cản trở việc thi hành án,can tro viec thi hanh an
actreq_crime_382_title_action_cung_cap_tai_lieu_sai_su_that_hoac_khai_bao_gian_doi,crime_382,article_382,382,title_action,cung cấp tài liệu sai sự thật hoặc khai báo gian dối,cung cap tai lieu sai su that hoac khai bao gian doi
actreq_crime_383_title_action_tu_choi_khai_bao_tu_choi_ket_luan_giam_dinh_dinh_gia_tai_san_hoac_tu_choi_cung_cap_tai_lieu,crime_383,article_383,383,title_action,"từ chối khai báo, từ chối kết luận giám định, định giá tài sản hoặc từ chối cung cấp tài liệu",tu choi khai bao tu choi ket luan giam dinh dinh gia tai san hoac tu choi cung cap tai lieu
actreq_crime_384_title_action_mua_chuoc_hoac_cuong_ep_nguoi_khac_trong_viec_khai_bao_cung_cap_tai_lieu,crime_384,article_384,384,title_action,"mua chuộc hoặc cưỡng ép người khác trong việc khai báo, cung cấp tài liệu",mua chuoc hoac cuong ep nguoi khac trong viec khai bao cung cap tai lieu
actreq_crime_385_title_action_vi_pham_viec_niem_phong_ke_bien_tai_san_phong_toa_tai_khoan,crime_385,article_385,385,title_action,"vi phạm việc niêm phong, kê biên tài sản, phong tỏa tài khoản",vi pham viec niem phong ke bien tai san phong toa tai khoan
actreq_crime_386_title_action_tron_khoi_noi_giam_giu_hoac_tron_khi_dang_bi_ap_giai_dang_bi_xet_xu,crime_386,article_386,386,title_action,"trốn khỏi nơi giam, giữ hoặc trốn khi đang bị áp giải, đang bị xét xử",tron khoi noi giam giu hoac tron khi dang bi ap giai dang bi xet xu
actreq_crime_387_title_action_danh_thao_nguoi_bi_bat_bi_tam_giu_tam_giam_nguoi_dang_bi_ap_giai_xet_xu_chap_hanh_an_phat_tu,crime_387,article_387,387,title_action,"đánh tháo người bị bắt, bị tạm giữ, tạm giam, người đang bị áp giải, xét xử, chấp hành án phạt tù",danh thao nguoi bi bat bi tam giu tam giam nguoi dang bi ap giai xet xu chap hanh an phat tu
actreq_crime_388_title_action_vi_pham_quy_dinh_ve_giam_giu,crime_388,article_388,388,title_action,vi phạm quy định về giam giữ,vi pham quy dinh ve giam giu
actreq_crime_389_title_action_che_giau_toi_pham,crime_389,article_389,389,title_action,che giấu tội phạm,che giau toi pham
actreq_crime_390_title_action_khong_to_giac_toi_pham,crime_390,article_390,390,title_action,không tố giác tội phạm,khong to giac toi pham
actreq_crime_391_title_action_gay_roi_trat_tu_phien_toa_phien_hop,crime_391,article_391,391,title_action,"gây rối trật tự phiên tòa, phiên họp",gay roi trat tu phien toa phien hop
actreq_crime_392_title_action_nhung_nguoi_phai_chiu_trach_nhiem_hinh_su_ve_cac_toi_xam_pham_nghia_vu_trach_nhiem_cua_quan_nhan,crime_392,article_392,392,title_action,"Những người phải chịu trách nhiệm hình sự về các tội xâm phạm nghĩa vụ, trách nhiệm của quân nhân",nhung nguoi phai chiu trach nhiem hinh su ve cac toi xam pham nghia vu trach nhiem cua quan nhan
actreq_crime_393_title_action_ra_menh_lenh_trai_phap_luat,crime_393,article_393,393,title_action,ra mệnh lệnh trái pháp luật,ra menh lenh trai phap luat
actreq_crime_394_title_action_chong_menh_lenh,crime_394,article_394,394,title_action,chống mệnh lệnh,chong menh lenh
actreq_crime_395_title_action_chap_hanh_khong_nghiem_chinh_menh_lenh,crime_395,article_395,395,title_action,chấp hành không nghiêm chỉnh mệnh lệnh,chap hanh khong nghiem chinh menh lenh
actreq_crime_396_title_action_can_tro_dong_doi_thuc_hien_nhiem_vu,crime_396,article_396,396,title_action,cản trở đồng đội thực hiện nhiệm vụ,can tro dong doi thuc hien nhiem vu
actreq_crime_397_title_action_lam_nhuc_dong_doi,crime_397,article_397,397,title_action,làm nhục đồng đội,lam nhuc dong doi
actreq_crime_398_title_action_hanh_hung_dong_doi,crime_398,article_398,398,title_action,hành hung đồng đội,hanh hung dong doi
actreq_crime_399_title_action_dau_hang_dich,crime_399,article_399,399,title_action,đầu hàng địch,dau hang dich
actreq_crime_400_title_action_khai_bao_hoac_tu_nguyen_lam_viec_cho_dich_khi_bi_bat_lam_tu_binh,crime_400,article_400,400,title_action,khai báo hoặc tự nguyện làm việc cho địch khi bị bắt làm tù binh,khai bao hoac tu nguyen lam viec cho dich khi bi bat lam tu binh
actreq_crime_401_title_action_bo_vi_tri_chien_dau_hoac_khong_lam_nhiem_vu_trong_chien_dau,crime_401,article_401,401,title_action,bỏ vị trí chiến đấu hoặc không làm nhiệm vụ trong chiến đấu,bo vi tri chien dau hoac khong lam nhiem vu trong chien dau
actreq_crime_402_title_action_dao_ngu,crime_402,article_402,402,title_action,đào ngũ,dao ngu
actreq_crime_403_title_action_tron_tranh_nhiem_vu,crime_403,article_403,403,title_action,trốn tránh nhiệm vụ,tron tranh nhiem vu
actreq_crime_404_title_action_co_y_lam_lo_bi_mat_cong_tac_quan_su,crime_404,article_404,404,title_action,cố ý làm lộ bí mật công tác quân sự,co y lam lo bi mat cong tac quan su
actreq_crime_405_title_action_chiem_doat_mua_ban_hoac_tieu_huy_tai_lieu_bi_mat_cong_tac_quan_su,crime_405,article_405,405,title_action,"chiếm đoạt, mua bán hoặc tiêu hủy tài liệu bí mật công tác quân sự",chiem doat mua ban hoac tieu huy tai lieu bi mat cong tac quan su
actreq_crime_406_title_action_vo_y_lam_lo_bi_mat_cong_tac_quan_su,crime_406,article_406,406,title_action,vô ý làm lộ bí mật công tác quân sự,vo y lam lo bi mat cong tac quan su
actreq_crime_407_title_action_lam_mat_tai_lieu_bi_mat_cong_tac_quan_su,crime_407,article_407,407,title_action,làm mất tài liệu bí mật công tác quân sự,lam mat tai lieu bi mat cong tac quan su
actreq_crime_408_title_action_bao_cao_sai,crime_408,article_408,408,title_action,báo cáo sai,bao cao sai
actreq_crime_409_title_action_vi_pham_quy_dinh_ve_truc_ban_truc_chien_truc_chi_huy,crime_409,article_409,409,title_action,"vi phạm quy định về trực ban, trực chiến, trực chỉ huy",vi pham quy dinh ve truc ban truc chien truc chi huy
actreq_crime_410_title_action_vi_pham_quy_dinh_ve_bao_ve,crime_410,article_410,410,title_action,vi phạm quy định về bảo vệ,vi pham quy dinh ve bao ve
actreq_crime_411_title_action_vi_pham_cac_quy_dinh_ve_bao_dam_an_toan_trong_chien_dau_hoac_trong_huan_luyen,crime_411,article_411,411,title_action,vi phạm các quy định về bảo đảm an toàn trong chiến đấu hoặc trong huấn luyện,vi pham cac quy dinh ve bao dam an toan trong chien dau hoac trong huan luyen
actreq_crime_412_title_action_vi_pham_quy_dinh_ve_su_dung_vu_khi_quan_dung_trang_bi_ky_thuat_quan_su,crime_412,article_412,412,title_action,"vi phạm quy định về sử dụng vũ khí quân dụng, trang bị kỹ thuật quân sự",vi pham quy dinh ve su dung vu khi quan dung trang bi ky thuat quan su
actreq_crime_413_title_action_huy_hoai_hoac_co_y_lam_hu_hong_vu_khi_quan_dung_trang_bi_ky_thuat_quan_su,crime_413,article_413,413,title_action,"hủy hoại hoặc cố ý làm hư hỏng vũ khí quân dụng, trang bị kỹ thuật quân sự",huy hoai hoac co y lam hu hong vu khi quan dung trang bi ky thuat quan su
actreq_crime_414_title_action_lam_mat_hoac_vo_y_lam_hu_hong_vu_khi_quan_dung_phuong_tien_ky_thuat_quan_su,crime_414,article_414,414,title_action,"làm mất hoặc vô ý làm hư hỏng vũ khí quân dụng, phương tiện kỹ thuật quân sự",lam mat hoac vo y lam hu hong vu khi quan dung phuong tien ky thuat quan su
actreq_crime_415_title_action_quay_nhieu_nhan_dan,crime_415,article_415,415,title_action,quấy nhiễu nhân dân,quay nhieu nhan dan
actreq_crime_416_title_action_lam_dung_nhu_cau_quan_su_trong_khi_thuc_hien_nhiem_vu,crime_416,article_416,416,title_action,lạm dụng nhu cầu quân sự trong khi thực hiện nhiệm vụ,lam dung nhu cau quan su trong khi thuc hien nhiem vu
actreq_crime_417_title_action_co_y_bo_thuong_binh_tu_sy_hoac_khong_cham_soc_cuu_chua_thuong_binh,crime_417,article_417,417,title_action,"cố ý bỏ thương binh, tử sỹ hoặc không chăm sóc, cứu chữa thương binh",co y bo thuong binh tu sy hoac khong cham soc cuu chua thuong binh
actreq_crime_418_title_action_chiem_doat_hoac_huy_hoai_di_vat_cua_tu_sy,crime_418,article_418,418,title_action,chiếm đoạt hoặc hủy hoại di vật của tử sỹ,chiem doat hoac huy hoai di vat cua tu sy
actreq_crime_419_title_action_chiem_doat_hoac_huy_hoai_chien_loi_pham,crime_419,article_419,419,title_action,chiếm đoạt hoặc hủy hoại chiến lợi phẩm,chiem doat hoac huy hoai chien loi pham
actreq_crime_420_title_action_nguoc_dai_tu_binh_hang_binh,crime_420,article_420,420,title_action,"ngược đãi tù binh, hàng binh",nguoc dai tu binh hang binh
actreq_crime_421_title_action_pha_hoai_hoa_binh_gay_chien_tranh_xam_luoc,crime_421,article_421,421,title_action,"phá hoại hòa bình, gây chiến tranh xâm lược",pha hoai hoa binh gay chien tranh xam luoc
actreq_crime_422_title_action_chong_loai_nguoi,crime_422,article_422,422,title_action,chống loài người,chong loai nguoi
actreq_crime_423_title_action_pham_chien_tranh,crime_423,article_423,423,title_action,phạm chiến tranh,pham chien tranh
actreq_crime_424_title_action_tuyen_mo_huan_luyen_hoac_su_dung_linh_danh_thue,crime_424,article_424,424,title_action,"tuyển mộ, huấn luyện hoặc sử dụng lính đánh thuê",tuyen mo huan luyen hoac su dung linh danh thue
actreq_crime_425_title_action_lam_linh_danh_thue,crime_425,article_425,425,title_action,làm lính đánh thuê,lam linh danh thue
