id,article_id,article_code,name,crime_group,chapter_id,status,normalized_name
crime_108,article_108,108,Tội phản bội Tổ quốc,CÁC TỘI XÂM PHẠM AN NINH QUỐC GIA,chapter_hai_xiii,active,toi phan boi to quoc
crime_109,article_109,109,Tội hoạt động nhằm lật đổ chính quyền nhân dân,CÁC TỘI XÂM PHẠM AN NINH QUỐC GIA,chapter_hai_xiii,active,toi hoat dong nham lat do chinh quyen nhan dan
crime_110,article_110,110,Tội gián điệp,CÁC TỘI XÂM PHẠM AN NINH QUỐC GIA,chapter_hai_xiii,active,toi gian diep
crime_111,article_111,111,Tội xâm phạm an ninh lãnh thổ,CÁC TỘI XÂM PHẠM AN NINH QUỐC GIA,chapter_hai_xiii,active,toi xam pham an ninh lanh tho
crime_112,article_112,112,Tội bạo loạn,CÁC TỘI XÂM PHẠM AN NINH QUỐC GIA,chapter_hai_xiii,active,toi bao loan
crime_113,article_113,113,Tội khủng bố nhằm chống chính quyền nhân dân,CÁC TỘI XÂM PHẠM AN NINH QUỐC GIA,chapter_hai_xiii,active,toi khung bo nham chong chinh quyen nhan dan
crime_114,article_114,114,Tội phá hoại cơ sở vật chất - kỹ thuật của nước Cộng hòa xã hội chủ nghĩa Việt Nam,CÁC TỘI XÂM PHẠM AN NINH QUỐC GIA,chapter_hai_xiii,active,toi pha hoai co so vat chat ky thuat cua nuoc cong hoa xa hoi chu nghia viet nam
crime_115,article_115,115,Tội phá hoại việc thực hiện các chính sách kinh tế - xã hội,CÁC TỘI XÂM PHẠM AN NINH QUỐC GIA,chapter_hai_xiii,active,toi pha hoai viec thuc hien cac chinh sach kinh te xa hoi
crime_116,article_116,116,Tội phá hoại chính sách đoàn kết,CÁC TỘI XÂM PHẠM AN NINH QUỐC GIA,chapter_hai_xiii,active,toi pha hoai chinh sach doan ket
crime_117,article_117,117,"Tội làm, tàng trữ, phát tán hoặc tuyên truyền thông tin, tài liệu, vật phẩm nhằm chống Nhà nước Cộng hòa xã hội chủ nghĩa Việt Nam",CÁC TỘI XÂM PHẠM AN NINH QUỐC GIA,chapter_hai_xiii,active,toi lam tang tru phat tan hoac tuyen truyen thong tin tai lieu vat pham nham chong nha nuoc cong hoa xa hoi chu nghia viet nam
crime_118,article_118,118,Tội phá rối an ninh,CÁC TỘI XÂM PHẠM AN NINH QUỐC GIA,chapter_hai_xiii,active,toi pha roi an ninh
crime_119,article_119,119,Tội chống phá cơ sở giam giữ,CÁC TỘI XÂM PHẠM AN NINH QUỐC GIA,chapter_hai_xiii,active,toi chong pha co so giam giu
crime_120,article_120,120,"Tội tổ chức, cưỡng ép, xúi giục người khác trốn đi nước ngoài hoặc trốn ở lại nước ngoài nhằm chống chính quyền nhân dân",CÁC TỘI XÂM PHẠM AN NINH QUỐC GIA,chapter_hai_xiii,active,toi to chuc cuong ep xui giuc nguoi khac tron di nuoc ngoai hoac tron o lai nuoc ngoai nham chong chinh quyen nhan dan
crime_121,article_121,121,Tội trốn đi nước ngoài hoặc trốn ở lại nước ngoài nhằm chống chính quyền nhân dân,CÁC TỘI XÂM PHẠM AN NINH QUỐC GIA,chapter_hai_xiii,active,toi tron di nuoc ngoai hoac tron o lai nuoc ngoai nham chong chinh quyen nhan dan
crime_122,article_122,122,Hình phạt bổ sung,CÁC TỘI XÂM PHẠM AN NINH QUỐC GIA,chapter_hai_xiii,active,hinh phat bo sung
crime_123,article_123,123,Tội giết người,"CÁC TỘI XÂM PHẠM TÍNH MẠNG, SỨC KHỎE, NHÂN PHẨM, DANH DỰ CỦA CON NGƯỜI",chapter_hai_xiv,active,toi giet nguoi
crime_124,article_124,124,Tội giết hoặc vứt bỏ con mới đẻ,"CÁC TỘI XÂM PHẠM TÍNH MẠNG, SỨC KHỎE, NHÂN PHẨM, DANH DỰ CỦA CON NGƯỜI",chapter_hai_xiv,active,toi giet hoac vut bo con moi de
crime_125,article_125,125,Tội giết người trong trạng thái tinh thần bị kích động mạnh,"CÁC TỘI XÂM PHẠM TÍNH MẠNG, SỨC KHỎE, NHÂN PHẨM, DANH DỰ CỦA CON NGƯỜI",chapter_hai_xiv,active,toi giet nguoi trong trang thai tinh than bi kich dong manh
crime_126,article_126,126,Tội giết người do vượt quá giới hạn phòng vệ chính đáng hoặc do vượt quá mức cần thiết khi bắt giữ người phạm tội,"CÁC TỘI XÂM PHẠM TÍNH MẠNG, SỨC KHỎE, NHÂN PHẨM, DANH DỰ CỦA CON NGƯỜI",chapter_hai_xiv,active,toi giet nguoi do vuot qua gioi han phong ve chinh dang hoac do vuot qua muc can thiet khi bat giu nguoi pham toi
crime_127,article_127,127,Tội làm chết người trong khi thi hành công vụ,"CÁC TỘI XÂM PHẠM TÍNH MẠNG, SỨC KHỎE, NHÂN PHẨM, DANH DỰ CỦA CON NGƯỜI",chapter_hai_xiv,active,toi lam chet nguoi trong khi thi hanh cong vu
crime_128,article_128,128,Tội vô ý làm chết người,"CÁC TỘI XÂM PHẠM TÍNH MẠNG, SỨC KHỎE, NHÂN PHẨM, DANH DỰ CỦA CON NGƯỜI",chapter_hai_xiv,active,toi vo y lam chet nguoi
crime_129,article_129,129,Tội vô ý làm chết người do vi phạm quy tắc nghề nghiệp hoặc quy tắc hành chính,"CÁC TỘI XÂM PHẠM TÍNH MẠNG, SỨC KHỎE, NHÂN PHẨM, DANH DỰ CỦA CON NGƯỜI",chapter_hai_xiv,active,toi vo y lam chet nguoi do vi pham quy tac nghe nghiep hoac quy tac hanh chinh
crime_130,article_130,130,Tội bức tử,"CÁC TỘI XÂM PHẠM TÍNH MẠNG, SỨC KHỎE, NHÂN PHẨM, DANH DỰ CỦA CON NGƯỜI",chapter_hai_xiv,active,toi buc tu
crime_131,article_131,131,Tội xúi giục hoặc giúp người khác tự sát,"CÁC TỘI XÂM PHẠM TÍNH MẠNG, SỨC KHỎE, NHÂN PHẨM, DANH DỰ CỦA CON NGƯỜI",chapter_hai_xiv,active,toi xui giuc hoac giup nguoi khac tu sat
crime_132,article_132,132,Tội không cứu giúp người đang ở trong tình trạng nguy hiểm đến tính mạng,"CÁC TỘI XÂM PHẠM TÍNH MẠNG, SỨC KHỎE, NHÂN PHẨM, DANH DỰ CỦA CON NGƯỜI",chapter_hai_xiv,active,toi khong cuu giup nguoi dang o trong tinh trang nguy hiem den tinh mang
crime_133,article_133,133,Tội đe dọa giết người,"CÁC TỘI XÂM PHẠM TÍNH MẠNG, SỨC KHỎE, NHÂN PHẨM, DANH DỰ CỦA CON NGƯỜI",chapter_hai_xiv,active,toi de doa giet nguoi
crime_134,article_134,134,Tội cố ý gây thương tích hoặc gây tổn hại cho sức khỏe của người khác,"CÁC TỘI XÂM PHẠM TÍNH MẠNG, SỨC KHỎE, NHÂN PHẨM, DANH DỰ CỦA CON NGƯỜI",chapter_hai_xiv,active,toi co y gay thuong tich hoac gay ton hai cho suc khoe cua nguoi khac
crime_135,article_135,135,Tội cố ý gây thương tích hoặc gây tổn hại cho sức khỏe của người khác trong trạng thái tinh thần bị kích động mạnh,"CÁC TỘI XÂM PHẠM TÍNH MẠNG, SỨC KHỎE, NHÂN PHẨM, DANH DỰ CỦA CON NGƯỜI",chapter_hai_xiv,active,toi co y gay thuong tich hoac gay ton hai cho suc khoe cua nguoi khac trong trang thai tinh than bi kich dong manh
crime_136,article_136,136,Tội cố ý gây thương tích hoặc gây tổn hại cho sức khỏe của người khác do vượt quá giới hạn phòng vệ chính đáng hoặc do vượt quá mức cần thiết khi bắt giữ người phạm tội,"CÁC TỘI XÂM PHẠM TÍNH MẠNG, SỨC KHỎE, NHÂN PHẨM, DANH DỰ CỦA CON NGƯỜI",chapter_hai_xiv,active,toi co y gay thuong tich hoac gay ton hai cho suc khoe cua nguoi khac do vuot qua gioi han phong ve chinh dang hoac do vuot qua muc can thiet khi bat giu nguoi pham toi
crime_137,article_137,137,Tội gây thương tích hoặc gây tổn hại cho sức khỏe của người khác trong khi thi hành công vụ,"CÁC TỘI XÂM PHẠM TÍNH MẠNG, SỨC KHỎE, NHÂN PHẨM, DANH DỰ CỦA CON NGƯỜI",chapter_hai_xiv,active,toi gay thuong tich hoac gay ton hai cho suc khoe cua nguoi khac trong khi thi hanh cong vu
crime_138,article_138,138,Tội vô ý gây thương tích hoặc gây tổn hại cho sức khỏe của người khác,"CÁC TỘI XÂM PHẠM TÍNH MẠNG, SỨC KHỎE, NHÂN PHẨM, DANH DỰ CỦA CON NGƯỜI",chapter_hai_xiv,active,toi vo y gay thuong tich hoac gay ton hai cho suc khoe cua nguoi khac
crime_139,article_139,139,Tội vô ý gây thương tích hoặc gây tổn hại cho sức khỏe của người khác do vi phạm quy tắc nghề nghiệp hoặc quy tắc hành chính,"CÁC TỘI XÂM PHẠM TÍNH MẠNG, SỨC KHỎE, NHÂN PHẨM, DANH DỰ CỦA CON NGƯỜI",chapter_hai_xiv,active,toi vo y gay thuong tich hoac gay ton hai cho suc khoe cua nguoi khac do vi pham quy tac nghe nghiep hoac quy tac hanh chinh
crime_140,article_140,140,Tội hành hạ người khác,"CÁC TỘI XÂM PHẠM TÍNH MẠNG, SỨC KHỎE, NHÂN PHẨM, DANH DỰ CỦA CON NGƯỜI",chapter_hai_xiv,active,toi hanh ha nguoi khac
crime_141,article_141,141,Tội hiếp dâm,"CÁC TỘI XÂM PHẠM TÍNH MẠNG, SỨC KHỎE, NHÂN PHẨM, DANH DỰ CỦA CON NGƯỜI",chapter_hai_xiv,active,toi hiep dam
crime_142,article_142,142,Tội hiếp dâm người dưới 16 tuổi,"CÁC TỘI XÂM PHẠM TÍNH MẠNG, SỨC KHỎE, NHÂN PHẨM, DANH DỰ CỦA CON NGƯỜI",chapter_hai_xiv,active,toi hiep dam nguoi duoi 16 tuoi
crime_143,article_143,143,Tội cưỡng dâm,"CÁC TỘI XÂM PHẠM TÍNH MẠNG, SỨC KHỎE, NHÂN PHẨM, DANH DỰ CỦA CON NGƯỜI",chapter_hai_xiv,active,toi cuong dam
crime_144,article_144,144,Tội cưỡng dâm người từ đủ 13 tuổi đến dưới 16 tuổi,"CÁC TỘI XÂM PHẠM TÍNH MẠNG, SỨC KHỎE, NHÂN PHẨM, DANH DỰ CỦA CON NGƯỜI",chapter_hai_xiv,active,toi cuong dam nguoi tu du 13 tuoi den duoi 16 tuoi
crime_145,article_145,145,Tội giao cấu hoặc thực hiện hành vi quan hệ tình dục khác với người từ đủ 13 tuổi đến dưới 16 tuổi,"CÁC TỘI XÂM PHẠM TÍNH MẠNG, SỨC KHỎE, NHÂN PHẨM, DANH DỰ CỦA CON NGƯỜI",chapter_hai_xiv,active,toi giao cau hoac thuc hien hanh vi quan he tinh duc khac voi nguoi tu du 13 tuoi den duoi 16 tuoi
crime_146,article_146,146,Tội dâm ô đối với người dưới 16 tuổi,"CÁC TỘI XÂM PHẠM TÍNH MẠNG, SỨC KHỎE, NHÂN PHẨM, DANH DỰ CỦA CON NGƯỜI",chapter_hai_xiv,active,toi dam o doi voi nguoi duoi 16 tuoi
crime_147,article_147,147,Tội sử dụng người dưới 16 tuổi vào mục đích khiêu dâm,"CÁC TỘI XÂM PHẠM TÍNH MẠNG, SỨC KHỎE, NHÂN PHẨM, DANH DỰ CỦA CON NGƯỜI",chapter_hai_xiv,active,toi su dung nguoi duoi 16 tuoi vao muc dich khieu dam
crime_148,article_148,148,Tội lây truyền HIV cho người khác,"CÁC TỘI XÂM PHẠM TÍNH MẠNG, SỨC KHỎE, NHÂN PHẨM, DANH DỰ CỦA CON NGƯỜI",chapter_hai_xiv,active,toi lay truyen hiv cho nguoi khac
crime_149,article_149,149,Tội cố ý truyền HIV cho người khác,"CÁC TỘI XÂM PHẠM TÍNH MẠNG, SỨC KHỎE, NHÂN PHẨM, DANH DỰ CỦA CON NGƯỜI",chapter_hai_xiv,active,toi co y truyen hiv cho nguoi khac
crime_150,article_150,150,Tội mua bán người,"CÁC TỘI XÂM PHẠM TÍNH MẠNG, SỨC KHỎE, NHÂN PHẨM, DANH DỰ CỦA CON NGƯỜI",chapter_hai_xiv,active,toi mua ban nguoi
crime_151,article_151,151,Tội mua bán người dưới 16 tuổi,"CÁC TỘI XÂM PHẠM TÍNH MẠNG, SỨC KHỎE, NHÂN PHẨM, DANH DỰ CỦA CON NGƯỜI",chapter_hai_xiv,active,toi mua ban nguoi duoi 16 tuoi
crime_152,article_152,152,Tội đánh tráo người dưới 01 tuổi,"CÁC TỘI XÂM PHẠM TÍNH MẠNG, SỨC KHỎE, NHÂN PHẨM, DANH DỰ CỦA CON NGƯỜI",chapter_hai_xiv,active,toi danh trao nguoi duoi 01 tuoi
crime_153,article_153,153,Tội chiếm đoạt người dưới 16 tuổi,"CÁC TỘI XÂM PHẠM TÍNH MẠNG, SỨC KHỎE, NHÂN PHẨM, DANH DỰ CỦA CON NGƯỜI",chapter_hai_xiv,active,toi chiem doat nguoi duoi 16 tuoi
crime_154,article_154,154,"Tội mua bán, chiếm đoạt mô hoặc bộ phận cơ thể người","CÁC TỘI XÂM PHẠM TÍNH MẠNG, SỨC KHỎE, NHÂN PHẨM, DANH DỰ CỦA CON NGƯỜI",chapter_hai_xiv,active,toi mua ban chiem doat mo hoac bo phan co the nguoi
crime_155,article_155,155,Tội làm nhục người khác,"CÁC TỘI XÂM PHẠM TÍNH MẠNG, SỨC KHỎE, NHÂN PHẨM, DANH DỰ CỦA CON NGƯỜI",chapter_hai_xiv,active,toi lam nhuc nguoi khac
crime_156,article_156,156,Tội vu khống,"CÁC TỘI XÂM PHẠM TÍNH MẠNG, SỨC KHỎE, NHÂN PHẨM, DANH DỰ CỦA CON NGƯỜI",chapter_hai_xiv,active,toi vu khong
crime_157,article_157,157,"Tội bắt, giữ hoặc giam người trái pháp luật","CÁC TỘI XÂM PHẠM QUYỀN TỰ DO CỦA CON NGƯỜI, QUYỀN TỰ DO, DÂN CHỦ CỦA CÔNG DÂN",chapter_hai_xv,active,toi bat giu hoac giam nguoi trai phap luat
crime_158,article_158,158,Tội xâm phạm chỗ ở của người khác,"CÁC TỘI XÂM PHẠM QUYỀN TỰ DO CỦA CON NGƯỜI, QUYỀN TỰ DO, DÂN CHỦ CỦA CÔNG DÂN",chapter_hai_xv,active,toi xam pham cho o cua nguoi khac
crime_159,article_159,159,"Tội xâm phạm bí mật hoặc an toàn thư tín, điện thoại, điện tín hoặc hình thức trao đổi thông tin riêng tư khác của người khác","CÁC TỘI XÂM PHẠM QUYỀN TỰ DO CỦA CON NGƯỜI, QUYỀN TỰ DO, DÂN CHỦ CỦA CÔNG DÂN",chapter_hai_xv,active,toi xam pham bi mat hoac an toan thu tin dien thoai dien tin hoac hinh thuc trao doi thong tin rieng tu khac cua nguoi khac
crime_160,article_160,160,"Tội xâm phạm quyền của công dân về bầu cử, ứng cử hoặc biểu quyết khi Nhà nước trưng cầu ý dân","CÁC TỘI XÂM PHẠM QUYỀN TỰ DO CỦA CON NGƯỜI, QUYỀN TỰ DO, DÂN CHỦ CỦA CÔNG DÂN",chapter_hai_xv,active,toi xam pham quyen cua cong dan ve bau cu ung cu hoac bieu quyet khi nha nuoc trung cau y dan
crime_161,article_161,161,"Tội làm sai lệch kết quả bầu cử, kết quả trưng cầu ý dân","CÁC TỘI XÂM PHẠM QUYỀN TỰ DO CỦA CON NGƯỜI, QUYỀN TỰ DO, DÂN CHỦ CỦA CÔNG DÂN",chapter_hai_xv,active,toi lam sai lech ket qua bau cu ket qua trung cau y dan
crime_162,article_162,162,"Tội buộc công chức, viên chức thôi việc hoặc sa thải người lao động trái pháp luật","CÁC TỘI XÂM PHẠM QUYỀN TỰ DO CỦA CON NGƯỜI, QUYỀN TỰ DO, DÂN CHỦ CỦA CÔNG DÂN",chapter_hai_xv,active,toi buoc cong chuc vien chuc thoi viec hoac sa thai nguoi lao dong trai phap luat
crime_163,article_163,163,"Tội xâm phạm quyền hội họp, lập hội của công dân","CÁC TỘI XÂM PHẠM QUYỀN TỰ DO CỦA CON NGƯỜI, QUYỀN TỰ DO, DÂN CHỦ CỦA CÔNG DÂN",chapter_hai_xv,active,toi xam pham quyen hoi hop lap hoi cua cong dan
crime_164,article_164,164,"Tội xâm phạm quyền tự do tín ngưỡng, tôn giáo của người khác","CÁC TỘI XÂM PHẠM QUYỀN TỰ DO CỦA CON NGƯỜI, QUYỀN TỰ DO, DÂN CHỦ CỦA CÔNG DÂN",chapter_hai_xv,active,toi xam pham quyen tu do tin nguong ton giao cua nguoi khac
crime_165,article_165,165,Tội xâm phạm quyền bình đẳng giới,"CÁC TỘI XÂM PHẠM QUYỀN TỰ DO CỦA CON NGƯỜI, QUYỀN TỰ DO, DÂN CHỦ CỦA CÔNG DÂN",chapter_hai_xv,active,toi xam pham quyen binh dang gioi
crime_166,article_166,166,"Tội xâm phạm quyền khiếu nại, tố cáo","CÁC TỘI XÂM PHẠM QUYỀN TỰ DO CỦA CON NGƯỜI, QUYỀN TỰ DO, DÂN CHỦ CỦA CÔNG DÂN",chapter_hai_xv,active,toi xam pham quyen khieu nai to cao
crime_167,article_167,167,"Tội xâm phạm quyền tự do ngôn luận, tự do báo chí, tiếp cận thông tin, quyền biểu tình của công dân","CÁC TỘI XÂM PHẠM QUYỀN TỰ DO CỦA CON NGƯỜI, QUYỀN TỰ DO, DÂN CHỦ CỦA CÔNG DÂN",chapter_hai_xv,active,toi xam pham quyen tu do ngon luan tu do bao chi tiep can thong tin quyen bieu tinh cua cong dan
crime_168,article_168,168,Tội cướp tài sản,CÁC TỘI XÂM PHẠM SỞ HỮU,chapter_hai_xvi,active,toi cuop tai san
crime_169,article_169,169,Tội bắt cóc nhằm chiếm đoạt tài sản,CÁC TỘI XÂM PHẠM SỞ HỮU,chapter_hai_xvi,active,toi bat coc nham chiem doat tai san
crime_170,article_170,170,Tội cưỡng đoạt tài sản,CÁC TỘI XÂM PHẠM SỞ HỮU,chapter_hai_xvi,active,toi cuong doat tai san
crime_171,article_171,171,Tội cướp giật tài sản,CÁC TỘI XÂM PHẠM SỞ HỮU,chapter_hai_xvi,active,toi cuop giat tai san
crime_172,article_172,172,Tội công nhiên chiếm đoạt tài sản,CÁC TỘI XÂM PHẠM SỞ HỮU,chapter_hai_xvi,active,toi cong nhien chiem doat tai san
crime_173,article_173,173,Tội trộm cắp tài sản,CÁC TỘI XÂM PHẠM SỞ HỮU,chapter_hai_xvi,active,toi trom cap tai san
crime_174,article_174,174,Tội lừa đảo chiếm đoạt tài sản,CÁC TỘI XÂM PHẠM SỞ HỮU,chapter_hai_xvi,active,toi lua dao chiem doat tai san
crime_175,article_175,175,Tội lạm dụng tín nhiệm chiếm đoạt tài sản,CÁC TỘI XÂM PHẠM SỞ HỮU,chapter_hai_xvi,active,toi lam dung tin nhiem chiem doat tai san
crime_176,article_176,176,Tội chiếm giữ trái phép tài sản,CÁC TỘI XÂM PHẠM SỞ HỮU,chapter_hai_xvi,active,toi chiem giu trai phep tai san
crime_177,article_177,177,Tội sử dụng trái phép tài sản,CÁC TỘI XÂM PHẠM SỞ HỮU,chapter_hai_xvi,active,toi su dung trai phep tai san
crime_178,article_178,178,Tội hủy hoại hoặc cố ý làm hư hỏng tài sản,CÁC TỘI XÂM PHẠM SỞ HỮU,chapter_hai_xvi,active,toi huy hoai hoac co y lam hu hong tai san
crime_179,article_179,179,"Tội thiếu trách nhiệm gây thiệt hại đến tài sản của Nhà nước, cơ quan, tổ chức, doanh nghiệp",CÁC TỘI XÂM PHẠM SỞ HỮU,chapter_hai_xvi,active,toi thieu trach nhiem gay thiet hai den tai san cua nha nuoc co quan to chuc doanh nghiep
crime_180,article_180,180,Tội vô ý gây thiệt hại nghiêm trọng đến tài sản,CÁC TỘI XÂM PHẠM SỞ HỮU,chapter_hai_xvi,active,toi vo y gay thiet hai nghiem trong den tai san
crime_181,article_181,181,"Tội cưỡng ép kết hôn, ly hôn hoặc cản trở hôn nhân tự nguyện, tiến bộ, cản trở ly hôn tự nguyện",CÁC TỘI XÂM PHẠM CHẾ ĐỘ HÔN NHÂN VÀ GIA ĐÌNH,chapter_hai_xvii,active,toi cuong ep ket hon ly hon hoac can tro hon nhan tu nguyen tien bo can tro ly hon tu nguyen
crime_182,article_182,182,"Tội vi phạm chế độ một vợ, một chồng",CÁC TỘI XÂM PHẠM CHẾ ĐỘ HÔN NHÂN VÀ GIA ĐÌNH,chapter_hai_xvii,active,toi vi pham che do mot vo mot chong
crime_183,article_183,183,Tội tổ chức tảo hôn,CÁC TỘI XÂM PHẠM CHẾ ĐỘ HÔN NHÂN VÀ GIA ĐÌNH,chapter_hai_xvii,active,toi to chuc tao hon
crime_184,article_184,184,Tội loạn luân,CÁC TỘI XÂM PHẠM CHẾ ĐỘ HÔN NHÂN VÀ GIA ĐÌNH,chapter_hai_xvii,active,toi loan luan
crime_185,article_185,185,"Tội ngược đãi hoặc hành hạ ông bà, cha mẹ, vợ chồng, con, cháu hoặc người có công nuôi dưỡng mình",CÁC TỘI XÂM PHẠM CHẾ ĐỘ HÔN NHÂN VÀ GIA ĐÌNH,chapter_hai_xvii,active,toi nguoc dai hoac hanh ha ong ba cha me vo chong con chau hoac nguoi co cong nuoi duong minh
crime_186,article_186,186,Tội từ chối hoặc trốn tránh nghĩa vụ cấp dưỡng,CÁC TỘI XÂM PHẠM CHẾ ĐỘ HÔN NHÂN VÀ GIA ĐÌNH,chapter_hai_xvii,active,toi tu choi hoac tron tranh nghia vu cap duong
crime_187,article_187,187,Tội tổ chức mang thai hộ vì mục đích thương mại,CÁC TỘI XÂM PHẠM CHẾ ĐỘ HÔN NHÂN VÀ GIA ĐÌNH,chapter_hai_xvii,active,toi to chuc mang thai ho vi muc dich thuong mai
crime_188,article_188,188,Tội buôn lậu,CÁC TỘI XÂM PHẠM TRẬT TỰ QUẢN LÝ KINH TẾ,chapter_hai_xviii,active,toi buon lau
crime_189,article_189,189,"Tội vận chuyển trái phép hàng hóa, tiền tệ qua biên giới",CÁC TỘI XÂM PHẠM TRẬT TỰ QUẢN LÝ KINH TẾ,chapter_hai_xviii,active,toi van chuyen trai phep hang hoa tien te qua bien gioi
crime_190,article_190,190,"Tội sản xuất, buôn bán hàng cấm",CÁC TỘI XÂM PHẠM TRẬT TỰ QUẢN LÝ KINH TẾ,chapter_hai_xviii,active,toi san xuat buon ban hang cam
crime_191,article_191,191,"Tội tàng trữ, vận chuyển hàng cấm",CÁC TỘI XÂM PHẠM TRẬT TỰ QUẢN LÝ KINH TẾ,chapter_hai_xviii,active,toi tang tru van chuyen hang cam
crime_192,article_192,192,"Tội sản xuất, buôn bán hàng giả",CÁC TỘI XÂM PHẠM TRẬT TỰ QUẢN LÝ KINH TẾ,chapter_hai_xviii,active,toi san xuat buon ban hang gia
crime_193,article_193,193,"Tội sản xuất, buôn bán hàng giả là lương thực, thực phẩm, phụ gia thực phẩm",CÁC TỘI XÂM PHẠM TRẬT TỰ QUẢN LÝ KINH TẾ,chapter_hai_xviii,active,toi san xuat buon ban hang gia la luong thuc thuc pham phu gia thuc pham
crime_194,article_194,194,"Tội sản xuất, buôn bán hàng giả là thuốc chữa bệnh, thuốc phòng bệnh",CÁC TỘI XÂM PHẠM TRẬT TỰ QUẢN LÝ KINH TẾ,chapter_hai_xviii,active,toi san xuat buon ban hang gia la thuoc chua benh thuoc phong benh
crime_195,article_195,195,"Tội sản xuất, buôn bán hàng giả là thức ăn dùng để chăn nuôi, phân bón, thuốc thú y, thuốc bảo vệ thực vật, giống cây trồng, giống vật nuôi",CÁC TỘI XÂM PHẠM TRẬT TỰ QUẢN LÝ KINH TẾ,chapter_hai_xviii,active,toi san xuat buon ban hang gia la thuc an dung de chan nuoi phan bon thuoc thu y thuoc bao ve thuc vat giong cay trong giong vat nuoi
crime_196,article_196,196,Tội đầu cơ,CÁC TỘI XÂM PHẠM TRẬT TỰ QUẢN LÝ KINH TẾ,chapter_hai_xviii,active,toi dau co
crime_197,article_197,197,Tội quảng cáo gian dối,CÁC TỘI XÂM PHẠM TRẬT TỰ QUẢN LÝ KINH TẾ,chapter_hai_xviii,active,toi quang cao gian doi
crime_198,article_198,198,Tội lừa dối khách hàng,CÁC TỘI XÂM PHẠM TRẬT TỰ QUẢN LÝ KINH TẾ,chapter_hai_xviii,active,toi lua doi khach hang
crime_199,article_199,199,Tội vi phạm quy định về cung ứng điện,CÁC TỘI XÂM PHẠM TRẬT TỰ QUẢN LÝ KINH TẾ,chapter_hai_xviii,active,toi vi pham quy dinh ve cung ung dien
crime_200,article_200,200,Tội trốn thuế,CÁC TỘI XÂM PHẠM TRẬT TỰ QUẢN LÝ KINH TẾ,chapter_hai_xviii,active,toi tron thue
crime_201,article_201,201,Tội cho vay lãi nặng trong giao dịch dân sự,CÁC TỘI XÂM PHẠM TRẬT TỰ QUẢN LÝ KINH TẾ,chapter_hai_xviii,active,toi cho vay lai nang trong giao dich dan su
crime_202,article_202,202,"Tội làm, buôn bán tem giả, vé giả",CÁC TỘI XÂM PHẠM TRẬT TỰ QUẢN LÝ KINH TẾ,chapter_hai_xviii,active,toi lam buon ban tem gia ve gia
crime_203,article_203,203,"Tội in, phát hành, mua bán trái phép hóa đơn, chứng từ thu nộp ngân sách nhà nước",CÁC TỘI XÂM PHẠM TRẬT TỰ QUẢN LÝ KINH TẾ,chapter_hai_xviii,active,toi in phat hanh mua ban trai phep hoa don chung tu thu nop ngan sach nha nuoc
crime_204,article_204,204,"Tội vi phạm quy định về bảo quản, quản lý hóa đơn, chứng từ thu nộp ngân sách nhà nước",CÁC TỘI XÂM PHẠM TRẬT TỰ QUẢN LÝ KINH TẾ,chapter_hai_xviii,active,toi vi pham quy dinh ve bao quan quan ly hoa don chung tu thu nop ngan sach nha nuoc
crime_205,article_205,205,Tội lập quỹ trái phép,CÁC TỘI XÂM PHẠM TRẬT TỰ QUẢN LÝ KINH TẾ,chapter_hai_xviii,active,toi lap quy trai phep
crime_206,article_206,206,"Tội vi phạm quy định về hoạt động ngân hàng, hoạt động khác liên quan đến hoạt động ngân hàng",CÁC TỘI XÂM PHẠM TRẬT TỰ QUẢN LÝ KINH TẾ,chapter_hai_xviii,active,toi vi pham quy dinh ve hoat dong ngan hang hoat dong khac lien quan den hoat dong ngan hang
crime_207,article_207,207,"Tội làm, tàng trữ, vận chuyển, lưu hành tiền giả",CÁC TỘI XÂM PHẠM TRẬT TỰ QUẢN LÝ KINH TẾ,chapter_hai_xviii,active,toi lam tang tru van chuyen luu hanh tien gia
crime_208,article_208,208,"Tội làm, tàng trữ, vận chuyển, lưu hành công cụ chuyển nhượng giả hoặc các giấy tờ có giá giả khác",CÁC TỘI XÂM PHẠM TRẬT TỰ QUẢN LÝ KINH TẾ,chapter_hai_xviii,active,toi lam tang tru van chuyen luu hanh cong cu chuyen nhuong gia hoac cac giay to co gia gia khac
crime_209,article_209,209,Tội cố ý công bố thông tin sai lệch hoặc che giấu thông tin trong hoạt động chứng khoán,CÁC TỘI XÂM PHẠM TRẬT TỰ QUẢN LÝ KINH TẾ,chapter_hai_xviii,active,toi co y cong bo thong tin sai lech hoac che giau thong tin trong hoat dong chung khoan
crime_210,article_210,210,Tội sử dụng thông tin nội bộ để mua bán chứng khoán,CÁC TỘI XÂM PHẠM TRẬT TỰ QUẢN LÝ KINH TẾ,chapter_hai_xviii,active,toi su dung thong tin noi bo de mua ban chung khoan
crime_211,article_211,211,Tội thao túng thị trường chứng khoán,CÁC TỘI XÂM PHẠM TRẬT TỰ QUẢN LÝ KINH TẾ,chapter_hai_xviii,active,toi thao tung thi truong chung khoan
crime_212,article_212,212,"Tội làm giả tài liệu trong hồ sơ chào bán, niêm yết chứng khoán",CÁC TỘI XÂM PHẠM TRẬT TỰ QUẢN LÝ KINH TẾ,chapter_hai_xviii,active,toi lam gia tai lieu trong ho so chao ban niem yet chung khoan
crime_213,article_213,213,Tội gian lận trong kinh doanh bảo hiểm,CÁC TỘI XÂM PHẠM TRẬT TỰ QUẢN LÝ KINH TẾ,chapter_hai_xviii,active,toi gian lan trong kinh doanh bao hiem
crime_214,article_214,214,"Tội gian lận bảo hiểm xã hội, bảo hiểm thất nghiệp",CÁC TỘI XÂM PHẠM TRẬT TỰ QUẢN LÝ KINH TẾ,chapter_hai_xviii,active,toi gian lan bao hiem xa hoi bao hiem that nghiep
crime_215,article_215,215,Tội gian lận bảo hiểm y tế,CÁC TỘI XÂM PHẠM TRẬT TỰ QUẢN LÝ KINH TẾ,chapter_hai_xviii,active,toi gian lan bao hiem y te
crime_216,article_216,216,"Tội trốn đóng bảo hiểm xã hội, bảo hiểm y tế, bảo hiểm thất nghiệp cho người lao động",CÁC TỘI XÂM PHẠM TRẬT TỰ QUẢN LÝ KINH TẾ,chapter_hai_xviii,active,toi tron dong bao hiem xa hoi bao hiem y te bao hiem that nghiep cho nguoi lao dong
crime_217,article_217,217,Tội vi phạm quy định về cạnh tranh,CÁC TỘI XÂM PHẠM TRẬT TỰ QUẢN LÝ KINH TẾ,chapter_hai_xviii,active,toi vi pham quy dinh ve canh tranh
crime_217a,article_217a,217a,Tội vi phạm quy định về kinh doanh theo phương thức đa cấp,CÁC TỘI XÂM PHẠM TRẬT TỰ QUẢN LÝ KINH TẾ,chapter_hai_xviii,active,toi vi pham quy dinh ve kinh doanh theo phuong thuc da cap
crime_218,article_218,218,Tội vi phạm quy định về hoạt động bán đấu giá tài sản,CÁC TỘI XÂM PHẠM TRẬT TỰ QUẢN LÝ KINH TẾ,chapter_hai_xviii,active,toi vi pham quy dinh ve hoat dong ban dau gia tai san
crime_219,article_219,219,"Tội vi phạm quy định về quản lý, sử dụng tài sản Nhà nước gây thất thoát, lãng phí",CÁC TỘI XÂM PHẠM TRẬT TỰ QUẢN LÝ KINH TẾ,chapter_hai_xviii,active,toi vi pham quy dinh ve quan ly su dung tai san nha nuoc gay that thoat lang phi
crime_220,article_220,220,Tội vi phạm quy định về quản lý và sử dụng vốn đầu tư công gây hậu quả nghiêm trọng,CÁC TỘI XÂM PHẠM TRẬT TỰ QUẢN LÝ KINH TẾ,chapter_hai_xviii,active,toi vi pham quy dinh ve quan ly va su dung von dau tu cong gay hau qua nghiem trong
crime_221,article_221,221,Tội vi phạm quy định về kế toán gây hậu quả nghiêm trọng,CÁC TỘI XÂM PHẠM TRẬT TỰ QUẢN LÝ KINH TẾ,chapter_hai_xviii,active,toi vi pham quy dinh ve ke toan gay hau qua nghiem trong
crime_222,article_222,222,Tội vi phạm quy định về đấu thầu gây hậu quả nghiêm trọng,CÁC TỘI XÂM PHẠM TRẬT TỰ QUẢN LÝ KINH TẾ,chapter_hai_xviii,active,toi vi pham quy dinh ve dau thau gay hau qua nghiem trong
crime_223,article_223,223,"Tội thông đồng, bao che cho người nộp thuế gây hậu quả nghiêm trọng",CÁC TỘI XÂM PHẠM TRẬT TỰ QUẢN LÝ KINH TẾ,chapter_hai_xviii,active,toi thong dong bao che cho nguoi nop thue gay hau qua nghiem trong
crime_224,article_224,224,Tội vi phạm quy định về đầu tư công trình xây dựng gây hậu quả nghiêm trọng,CÁC TỘI XÂM PHẠM TRẬT TỰ QUẢN LÝ KINH TẾ,chapter_hai_xviii,active,toi vi pham quy dinh ve dau tu cong trinh xay dung gay hau qua nghiem trong
crime_225,article_225,225,"Tội xâm phạm quyền tác giả, quyền liên quan",CÁC TỘI XÂM PHẠM TRẬT TỰ QUẢN LÝ KINH TẾ,chapter_hai_xviii,active,toi xam pham quyen tac gia quyen lien quan
crime_226,article_226,226,Tội xâm phạm quyền sở hữu công nghiệp,CÁC TỘI XÂM PHẠM TRẬT TỰ QUẢN LÝ KINH TẾ,chapter_hai_xviii,active,toi xam pham quyen so huu cong nghiep
crime_227,article_227,227,"Tội vi phạm quy định về nghiên cứu, thăm dò, khai thác tài nguyên",CÁC TỘI XÂM PHẠM TRẬT TỰ QUẢN LÝ KINH TẾ,chapter_hai_xviii,active,toi vi pham quy dinh ve nghien cuu tham do khai thac tai nguyen
crime_228,article_228,228,Tội vi phạm các quy định về sử dụng đất đai,CÁC TỘI XÂM PHẠM TRẬT TỰ QUẢN LÝ KINH TẾ,chapter_hai_xviii,active,toi vi pham cac quy dinh ve su dung dat dai
crime_229,article_229,229,Tội vi phạm các quy định về quản lý đất đai,CÁC TỘI XÂM PHẠM TRẬT TỰ QUẢN LÝ KINH TẾ,chapter_hai_xviii,active,toi vi pham cac quy dinh ve quan ly dat dai
crime_230,article_230,230,"Tội vi phạm quy định về bồi thường, hỗ trợ, tái định cư khi Nhà nước thu hồi đất",CÁC TỘI XÂM PHẠM TRẬT TỰ QUẢN LÝ KINH TẾ,chapter_hai_xviii,active,toi vi pham quy dinh ve boi thuong ho tro tai dinh cu khi nha nuoc thu hoi dat
crime_231,article_231,231,"Tội cố ý làm trái quy định về phân phối tiền, hàng cứu trợ",CÁC TỘI XÂM PHẠM TRẬT TỰ QUẢN LÝ KINH TẾ,chapter_hai_xviii,active,toi co y lam trai quy dinh ve phan phoi tien hang cuu tro
crime_232,article_232,232,"Tội vi phạm quy định về khai thác, bảo vệ rừng và lâm sản",CÁC TỘI XÂM PHẠM TRẬT TỰ QUẢN LÝ KINH TẾ,chapter_hai_xviii,active,toi vi pham quy dinh ve khai thac bao ve rung va lam san
crime_233,article_233,233,Tội vi phạm quy định về quản lý rừng,CÁC TỘI XÂM PHẠM TRẬT TỰ QUẢN LÝ KINH TẾ,chapter_hai_xviii,active,toi vi pham quy dinh ve quan ly rung
crime_234,article_234,234,Tội vi phạm quy định về bảo vệ động vật hoang dã,CÁC TỘI XÂM PHẠM TRẬT TỰ QUẢN LÝ KINH TẾ,chapter_hai_xviii,active,toi vi pham quy dinh ve bao ve dong vat hoang da
crime_235,article_235,235,Tội gây ô nhiễm môi trường,CÁC TỘI PHẠM VỀ MÔI TRƯỜNG,chapter_hai_xix,active,toi gay o nhiem moi truong
crime_236,article_236,236,Tội vi phạm quy định về quản lý chất thải nguy hại,CÁC TỘI PHẠM VỀ MÔI TRƯỜNG,chapter_hai_xix,active,toi vi pham quy dinh ve quan ly chat thai nguy hai
crime_237,article_237,237,"Tội vi phạm quy định về phòng ngừa, ứng phó, khắc phục sự cố môi trường",CÁC TỘI PHẠM VỀ MÔI TRƯỜNG,chapter_hai_xix,active,toi vi pham quy dinh ve phong ngua ung pho khac phuc su co moi truong
crime_238,article_238,238,"Tội vi phạm quy định về bảo vệ an toàn công trình thủy lợi, đê điều và phòng, chống thiên tai; vi phạm quy định về bảo vệ bờ, bãi sông",CÁC TỘI PHẠM VỀ MÔI TRƯỜNG,chapter_hai_xix,active,toi vi pham quy dinh ve bao ve an toan cong trinh thuy loi de dieu va phong chong thien tai vi pham quy dinh ve bao ve bo bai song
crime_239,article_239,239,Tội đưa chất thải vào lãnh thổ Việt Nam,CÁC TỘI PHẠM VỀ MÔI TRƯỜNG,chapter_hai_xix,active,toi dua chat thai vao lanh tho viet nam
crime_240,article_240,240,Tội làm lây lan dịch bệnh truyền nhiễm nguy hiểm cho người,CÁC TỘI PHẠM VỀ MÔI TRƯỜNG,chapter_hai_xix,active,toi lam lay lan dich benh truyen nhiem nguy hiem cho nguoi
crime_241,article_241,241,"Tội làm lây lan dịch bệnh nguy hiểm cho động vật, thực vật",CÁC TỘI PHẠM VỀ MÔI TRƯỜNG,chapter_hai_xix,active,toi lam lay lan dich benh nguy hiem cho dong vat thuc vat
crime_242,article_242,242,Tội hủy hoại nguồn lợi thủy sản,CÁC TỘI PHẠM VỀ MÔI TRƯỜNG,chapter_hai_xix,active,toi huy hoai nguon loi thuy san
crime_243,article_243,243,Tội hủy hoại rừng,CÁC TỘI PHẠM VỀ MÔI TRƯỜNG,chapter_hai_xix,active,toi huy hoai rung
crime_244,article_244,244,"Tội vi phạm quy định về bảo vệ động vật nguy cấp, quý, hiếm",CÁC TỘI PHẠM VỀ MÔI TRƯỜNG,chapter_hai_xix,active,toi vi pham quy dinh ve bao ve dong vat nguy cap quy hiem
crime_245,article_245,245,Tội vi phạm quy định về quản lý khu bảo tồn thiên nhiên,CÁC TỘI PHẠM VỀ MÔI TRƯỜNG,chapter_hai_xix,active,toi vi pham quy dinh ve quan ly khu bao ton thien nhien
crime_246,article_246,246,"Tội nhập khẩu, phát tán các loài ngoại lai xâm hại",CÁC TỘI PHẠM VỀ MÔI TRƯỜNG,chapter_hai_xix,active,toi nhap khau phat tan cac loai ngoai lai xam hai
crime_247,article_247,247,"Tội trồng cây thuốc phiện, cây côca, cây cần sa hoặc các loại cây khác có chứa chất ma túy",CÁC TỘI PHẠM VỀ MA TÚY,chapter_hai_xx,active,toi trong cay thuoc phien cay coca cay can sa hoac cac loai cay khac co chua chat ma tuy
crime_248,article_248,248,Tội sản xuất trái phép chất ma túy,CÁC TỘI PHẠM VỀ MA TÚY,chapter_hai_xx,active,toi san xuat trai phep chat ma tuy
crime_249,article_249,249,Tội tàng trữ trái phép chất ma túy,CÁC TỘI PHẠM VỀ MA TÚY,chapter_hai_xx,active,toi tang tru trai phep chat ma tuy
crime_250,article_250,250,Tội vận chuyển trái phép chất ma túy,CÁC TỘI PHẠM VỀ MA TÚY,chapter_hai_xx,active,toi van chuyen trai phep chat ma tuy
crime_251,article_251,251,Tội mua bán trái phép chất ma túy,CÁC TỘI PHẠM VỀ MA TÚY,chapter_hai_xx,active,toi mua ban trai phep chat ma tuy
crime_252,article_252,252,Tội chiếm đoạt chất ma túy,CÁC TỘI PHẠM VỀ MA TÚY,chapter_hai_xx,active,toi chiem doat chat ma tuy
crime_253,article_253,253,"Tội tàng trữ, vận chuyển, mua bán hoặc chiếm đoạt tiền chất dùng vào việc sản xuất trái phép chất ma túy",CÁC TỘI PHẠM VỀ MA TÚY,chapter_hai_xx,active,toi tang tru van chuyen mua ban hoac chiem doat tien chat dung vao viec san xuat trai phep chat ma tuy
crime_254,article_254,254,"Tội sản xuất, tàng trữ, vận chuyển hoặc mua bán phương tiện, dụng cụ dùng vào việc sản xuất hoặc sử dụng trái phép chất ma túy",CÁC TỘI PHẠM VỀ MA TÚY,chapter_hai_xx,active,toi san xuat tang tru van chuyen hoac mua ban phuong tien dung cu dung vao viec san xuat hoac su dung trai phep chat ma tuy
crime_255,article_255,255,Tội tổ chức sử dụng trái phép chất ma túy,CÁC TỘI PHẠM VỀ MA TÚY,chapter_hai_xx,active,toi to chuc su dung trai phep chat ma tuy
crime_256,article_256,256,Tội chứa chấp việc sử dụng trái phép chất ma túy,CÁC TỘI PHẠM VỀ MA TÚY,chapter_hai_xx,active,toi chua chap viec su dung trai phep chat ma tuy
crime_256a,article_256a,256a,Tội sử dụng trái phép chất ma túy,CÁC TỘI PHẠM VỀ MA TÚY,chapter_hai_xx,active,toi su dung trai phep chat ma tuy
crime_257,article_257,257,Tội cưỡng bức người khác sử dụng trái phép chất ma túy,CÁC TỘI PHẠM VỀ MA TÚY,chapter_hai_xx,active,toi cuong buc nguoi khac su dung trai phep chat ma tuy
crime_258,article_258,258,Tội lôi kéo người khác sử dụng trái phép chất ma túy,CÁC TỘI PHẠM VỀ MA TÚY,chapter_hai_xx,active,toi loi keo nguoi khac su dung trai phep chat ma tuy
crime_259,article_259,259,"Tội vi phạm quy định về quản lý chất ma túy, tiền chất, thuốc gây nghiện, thuốc hướng thần",CÁC TỘI PHẠM VỀ MA TÚY,chapter_hai_xx,active,toi vi pham quy dinh ve quan ly chat ma tuy tien chat thuoc gay nghien thuoc huong than
crime_260,article_260,260,Tội vi phạm quy định về tham gia giao thông đường bộ,"CÁC TỘI XÂM PHẠM AN TOÀN CÔNG CỘNG, TRẬT TỰ CÔNG CỘNG",chapter_hai_xxi,active,toi vi pham quy dinh ve tham gia giao thong duong bo
crime_261,article_261,261,Tội cản trở giao thông đường bộ,"CÁC TỘI XÂM PHẠM AN TOÀN CÔNG CỘNG, TRẬT TỰ CÔNG CỘNG",chapter_hai_xxi,active,toi can tro giao thong duong bo
crime_262,article_262,262,"Tội đưa vào sử dụng phương tiện giao thông cơ giới đường bộ, xe máy chuyên dùng không bảo đảm an toàn","CÁC TỘI XÂM PHẠM AN TOÀN CÔNG CỘNG, TRẬT TỰ CÔNG CỘNG",chapter_hai_xxi,active,toi dua vao su dung phuong tien giao thong co gioi duong bo xe may chuyen dung khong bao dam an toan
crime_263,article_263,263,Tội điều động người không đủ điều kiện điều khiển phương tiện tham gia giao thông đường bộ,"CÁC TỘI XÂM PHẠM AN TOÀN CÔNG CỘNG, TRẬT TỰ CÔNG CỘNG",chapter_hai_xxi,active,toi dieu dong nguoi khong du dieu kien dieu khien phuong tien tham gia giao thong duong bo
crime_264,article_264,264,Tội giao cho người không đủ điều kiện điều khiển phương tiện tham gia giao thông đường bộ,"CÁC TỘI XÂM PHẠM AN TOÀN CÔNG CỘNG, TRẬT TỰ CÔNG CỘNG",chapter_hai_xxi,active,toi giao cho nguoi khong du dieu kien dieu khien phuong tien tham gia giao thong duong bo
crime_265,article_265,265,Tội tổ chức đua xe trái phép,"CÁC TỘI XÂM PHẠM AN TOÀN CÔNG CỘNG, TRẬT TỰ CÔNG CỘNG",chapter_hai_xxi,active,toi to chuc dua xe trai phep
crime_266,article_266,266,Tội đua xe trái phép,"CÁC TỘI XÂM PHẠM AN TOÀN CÔNG CỘNG, TRẬT TỰ CÔNG CỘNG",chapter_hai_xxi,active,toi dua xe trai phep
crime_267,article_267,267,Tội vi phạm quy định về điều khiển phương tiện giao thông đường sắt,"CÁC TỘI XÂM PHẠM AN TOÀN CÔNG CỘNG, TRẬT TỰ CÔNG CỘNG",chapter_hai_xxi,active,toi vi pham quy dinh ve dieu khien phuong tien giao thong duong sat
crime_268,article_268,268,Tội cản trở giao thông đường sắt,"CÁC TỘI XÂM PHẠM AN TOÀN CÔNG CỘNG, TRẬT TỰ CÔNG CỘNG",chapter_hai_xxi,active,toi can tro giao thong duong sat
crime_269,article_269,269,"Tội đưa vào sử dụng phương tiện, thiết bị giao thông đường sắt không bảo đảm an toàn","CÁC TỘI XÂM PHẠM AN TOÀN CÔNG CỘNG, TRẬT TỰ CÔNG CỘNG",chapter_hai_xxi,active,toi dua vao su dung phuong tien thiet bi giao thong duong sat khong bao dam an toan
crime_270,article_270,270,Tội điều động người không đủ điều kiện điều khiển phương tiện giao thông đường sắt,"CÁC TỘI XÂM PHẠM AN TOÀN CÔNG CỘNG, TRẬT TỰ CÔNG CỘNG",chapter_hai_xxi,active,toi dieu dong nguoi khong du dieu kien dieu khien phuong tien giao thong duong sat
crime_271,article_271,271,Tội giao cho người không đủ điều kiện điều khiển phương tiện giao thông đường sắt,"CÁC TỘI XÂM PHẠM AN TOÀN CÔNG CỘNG, TRẬT TỰ CÔNG CỘNG",chapter_hai_xxi,active,toi giao cho nguoi khong du dieu kien dieu khien phuong tien giao thong duong sat
crime_272,article_272,272,Tội vi phạm quy định về điều khiển phương tiện giao thông đường thủy,"CÁC TỘI XÂM PHẠM AN TOÀN CÔNG CỘNG, TRẬT TỰ CÔNG CỘNG",chapter_hai_xxi,active,toi vi pham quy dinh ve dieu khien phuong tien giao thong duong thuy
crime_273,article_273,273,Tội cản trở giao thông đường thủy,"CÁC TỘI XÂM PHẠM AN TOÀN CÔNG CỘNG, TRẬT TỰ CÔNG CỘNG",chapter_hai_xxi,active,toi can tro giao thong duong thuy
crime_274,article_274,274,Tội đưa vào sử dụng phương tiện giao thông đường thủy không bảo đảm an toàn,"CÁC TỘI XÂM PHẠM AN TOÀN CÔNG CỘNG, TRẬT TỰ CÔNG CỘNG",chapter_hai_xxi,active,toi dua vao su dung phuong tien giao thong duong thuy khong bao dam an toan
crime_275,article_275,275,Tội điều động người không đủ điều kiện điều khiển phương tiện giao thông đường thủy,"CÁC TỘI XÂM PHẠM AN TOÀN CÔNG CỘNG, TRẬT TỰ CÔNG CỘNG",chapter_hai_xxi,active,toi dieu dong nguoi khong du dieu kien dieu khien phuong tien giao thong duong thuy
crime_276,article_276,276,Tội giao cho người không đủ điều kiện điều khiển phương tiện giao thông đường thủy,"CÁC TỘI XÂM PHẠM AN TOÀN CÔNG CỘNG, TRẬT TỰ CÔNG CỘNG",chapter_hai_xxi,active,toi giao cho nguoi khong du dieu kien dieu khien phuong tien giao thong duong thuy
crime_277,article_277,277,Tội vi phạm quy định về điều khiển tàu bay,"CÁC TỘI XÂM PHẠM AN TOÀN CÔNG CỘNG, TRẬT TỰ CÔNG CỘNG",chapter_hai_xxi,active,toi vi pham quy dinh ve dieu khien tau bay
crime_278,article_278,278,Tội cản trở giao thông đường không,"CÁC TỘI XÂM PHẠM AN TOÀN CÔNG CỘNG, TRẬT TỰ CÔNG CỘNG",chapter_hai_xxi,active,toi can tro giao thong duong khong
crime_279,article_279,279,"Tội đưa vào sử dụng tàu bay, thiết bị bảo đảm hoạt động bay không bảo đảm an toàn","CÁC TỘI XÂM PHẠM AN TOÀN CÔNG CỘNG, TRẬT TỰ CÔNG CỘNG",chapter_hai_xxi,active,toi dua vao su dung tau bay thiet bi bao dam hoat dong bay khong bao dam an toan
crime_280,article_280,280,Tội điều động hoặc giao cho người không đủ điều kiện điều khiển tàu bay,"CÁC TỘI XÂM PHẠM AN TOÀN CÔNG CỘNG, TRẬT TỰ CÔNG CỘNG",chapter_hai_xxi,active,toi dieu dong hoac giao cho nguoi khong du dieu kien dieu khien tau bay
crime_281,article_281,281,"Tội vi phạm quy định về duy tu, sửa chữa, quản lý công trình giao thông","CÁC TỘI XÂM PHẠM AN TOÀN CÔNG CỘNG, TRẬT TỰ CÔNG CỘNG",chapter_hai_xxi,active,toi vi pham quy dinh ve duy tu sua chua quan ly cong trinh giao thong
crime_282,article_282,282,"Tội chiếm đoạt tàu bay, tàu thủy","CÁC TỘI XÂM PHẠM AN TOÀN CÔNG CỘNG, TRẬT TỰ CÔNG CỘNG",chapter_hai_xxi,active,toi chiem doat tau bay tau thuy
crime_283,article_283,283,Tội điều khiển tàu bay vi phạm quy định về hàng không của nước,"CÁC TỘI XÂM PHẠM AN TOÀN CÔNG CỘNG, TRẬT TỰ CÔNG CỘNG",chapter_hai_xxi,active,toi dieu khien tau bay vi pham quy dinh ve hang khong cua nuoc
crime_284,article_284,284,Tội điều khiển phương tiện hàng hải vi phạm quy định về hàng hải của nước Cộng hòa xã hội chủ nghĩa Việt Nam,"CÁC TỘI XÂM PHẠM AN TOÀN CÔNG CỘNG, TRẬT TỰ CÔNG CỘNG",chapter_hai_xxi,active,toi dieu khien phuong tien hang hai vi pham quy dinh ve hang hai cua nuoc cong hoa xa hoi chu nghia viet nam
crime_285,article_285,285,"Tội sản xuất, mua bán, trao đổi hoặc tặng cho công cụ, thiết bị, phần mềm để sử dụng vào mục đích trái pháp luật","CÁC TỘI XÂM PHẠM AN TOÀN CÔNG CỘNG, TRẬT TỰ CÔNG CỘNG",chapter_hai_xxi,active,toi san xuat mua ban trao doi hoac tang cho cong cu thiet bi phan mem de su dung vao muc dich trai phap luat
crime_286,article_286,286,"Tội phát tán chương trình tin học gây hại cho hoạt động của mạng máy tính, mạng viễn thông, phương tiện điện tử","CÁC TỘI XÂM PHẠM AN TOÀN CÔNG CỘNG, TRẬT TỰ CÔNG CỘNG",chapter_hai_xxi,active,toi phat tan chuong trinh tin hoc gay hai cho hoat dong cua mang may tinh mang vien thong phuong tien dien tu
crime_287,article_287,287,"Tội cản trở hoặc gây rối loạn hoạt động của mạng máy tính, mạng viễn thông, phương tiện điện tử","CÁC TỘI XÂM PHẠM AN TOÀN CÔNG CỘNG, TRẬT TỰ CÔNG CỘNG",chapter_hai_xxi,active,toi can tro hoac gay roi loan hoat dong cua mang may tinh mang vien thong phuong tien dien tu
crime_288,article_288,288,"Tội đưa hoặc sử dụng trái phép thông tin mạng máy tính, mạng viễn thông","CÁC TỘI XÂM PHẠM AN TOÀN CÔNG CỘNG, TRẬT TỰ CÔNG CỘNG",chapter_hai_xxi,active,toi dua hoac su dung trai phep thong tin mang may tinh mang vien thong
crime_289,article_289,289,"Tội xâm nhập trái phép vào mạng máy tính, mạng viễn thông hoặc phương tiện điện tử của người khác","CÁC TỘI XÂM PHẠM AN TOÀN CÔNG CỘNG, TRẬT TỰ CÔNG CỘNG",chapter_hai_xxi,active,toi xam nhap trai phep vao mang may tinh mang vien thong hoac phuong tien dien tu cua nguoi khac
crime_290,article_290,290,"Tội sử dụng mạng máy tính, mạng viễn thông, phương tiện điện tử thực hiện hành vi chiếm đoạt tài sản","CÁC TỘI XÂM PHẠM AN TOÀN CÔNG CỘNG, TRẬT TỰ CÔNG CỘNG",chapter_hai_xxi,active,toi su dung mang may tinh mang vien thong phuong tien dien tu thuc hien hanh vi chiem doat tai san
crime_291,article_291,291,"Tội thu thập, tàng trữ, trao đổi, mua bán, công khai hóa trái phép thông tin về tài khoản ngân hàng","CÁC TỘI XÂM PHẠM AN TOÀN CÔNG CỘNG, TRẬT TỰ CÔNG CỘNG",chapter_hai_xxi,active,toi thu thap tang tru trao doi mua ban cong khai hoa trai phep thong tin ve tai khoan ngan hang
crime_293,article_293,293,"Tội sử dụng trái phép tần số vô tuyến điện dành riêng cho mục đích cấp cứu, an toàn, tìm kiếm, cứu hộ, cứu nạn, quốc phòng, an ninh","CÁC TỘI XÂM PHẠM AN TOÀN CÔNG CỘNG, TRẬT TỰ CÔNG CỘNG",chapter_hai_xxi,active,toi su dung trai phep tan so vo tuyen dien danh rieng cho muc dich cap cuu an toan tim kiem cuu ho cuu nan quoc phong an ninh
crime_294,article_294,294,Tội cố ý gây nhiễu có hại,"CÁC TỘI XÂM PHẠM AN TOÀN CÔNG CỘNG, TRẬT TỰ CÔNG CỘNG",chapter_hai_xxi,active,toi co y gay nhieu co hai
crime_295,article_295,295,"Tội vi phạm quy định về an toàn lao động, vệ sinh lao động, về an toàn ở nơi đông người","CÁC TỘI XÂM PHẠM AN TOÀN CÔNG CỘNG, TRẬT TỰ CÔNG CỘNG",chapter_hai_xxi,active,toi vi pham quy dinh ve an toan lao dong ve sinh lao dong ve an toan o noi dong nguoi
crime_296,article_296,296,Tội vi phạm quy định về sử dụng người lao động dưới 16 tuổi,"CÁC TỘI XÂM PHẠM AN TOÀN CÔNG CỘNG, TRẬT TỰ CÔNG CỘNG",chapter_hai_xxi,active,toi vi pham quy dinh ve su dung nguoi lao dong duoi 16 tuoi
crime_297,article_297,297,Tội cưỡng bức lao động,"CÁC TỘI XÂM PHẠM AN TOÀN CÔNG CỘNG, TRẬT TỰ CÔNG CỘNG",chapter_hai_xxi,active,toi cuong buc lao dong
crime_298,article_298,298,Tội vi phạm quy định về xây dựng gây hậu quả nghiêm trọng,"CÁC TỘI XÂM PHẠM AN TOÀN CÔNG CỘNG, TRẬT TỰ CÔNG CỘNG",chapter_hai_xxi,active,toi vi pham quy dinh ve xay dung gay hau qua nghiem trong
crime_299,article_299,299,Tội khủng bố,"CÁC TỘI XÂM PHẠM AN TOÀN CÔNG CỘNG, TRẬT TỰ CÔNG CỘNG",chapter_hai_xxi,active,toi khung bo
crime_300,article_300,300,Tội tài trợ khủng bố,"CÁC TỘI XÂM PHẠM AN TOÀN CÔNG CỘNG, TRẬT TỰ CÔNG CỘNG",chapter_hai_xxi,active,toi tai tro khung bo
crime_301,article_301,301,Tội bắt cóc con tin,"CÁC TỘI XÂM PHẠM AN TOÀN CÔNG CỘNG, TRẬT TỰ CÔNG CỘNG",chapter_hai_xxi,active,toi bat coc con tin
crime_302,article_302,302,Tội cướp biển,"CÁC TỘI XÂM PHẠM AN TOÀN CÔNG CỘNG, TRẬT TỰ CÔNG CỘNG",chapter_hai_xxi,active,toi cuop bien
crime_303,article_303,303,"Tội phá hủy công trình, cơ sở, phương tiện quan trọng về an ninh quốc gia","CÁC TỘI XÂM PHẠM AN TOÀN CÔNG CỘNG, TRẬT TỰ CÔNG CỘNG",chapter_hai_xxi,active,toi pha huy cong trinh co so phuong tien quan trong ve an ninh quoc gia
crime_304,article_304,304,"Tội chế tạo, tàng trữ, vận chuyển, sử dụng, mua bán trái phép hoặc chiếm đoạt vũ khí quân dụng, phương tiện kỹ thuật quân sự","CÁC TỘI XÂM PHẠM AN TOÀN CÔNG CỘNG, TRẬT TỰ CÔNG CỘNG",chapter_hai_xxi,active,toi che tao tang tru van chuyen su dung mua ban trai phep hoac chiem doat vu khi quan dung phuong tien ky thuat quan su
crime_305,article_305,305,"Tội chế tạo, tàng trữ, vận chuyển, sử dụng, mua bán trái phép hoặc chiếm đoạt vật liệu nổ","CÁC TỘI XÂM PHẠM AN TOÀN CÔNG CỘNG, TRẬT TỰ CÔNG CỘNG",chapter_hai_xxi,active,toi che tao tang tru van chuyen su dung mua ban trai phep hoac chiem doat vat lieu no
crime_306,article_306,306,"Tội chế tạo, tàng trữ, vận chuyển, sử dụng, mua bán trái phép hoặc chiếm đoạt súng săn, vũ khí thô sơ, vũ khí thể thao hoặc công cụ hỗ trợ","CÁC TỘI XÂM PHẠM AN TOÀN CÔNG CỘNG, TRẬT TỰ CÔNG CỘNG",chapter_hai_xxi,active,toi che tao tang tru van chuyen su dung mua ban trai phep hoac chiem doat sung san vu khi tho so vu khi the thao hoac cong cu ho tro
crime_307,article_307,307,"Tội vi phạm quy định về quản lý vũ khí, vật liệu nổ, công cụ hỗ trợ","CÁC TỘI XÂM PHẠM AN TOÀN CÔNG CỘNG, TRẬT TỰ CÔNG CỘNG",chapter_hai_xxi,active,toi vi pham quy dinh ve quan ly vu khi vat lieu no cong cu ho tro
crime_308,article_308,308,"Tội thiếu trách nhiệm trong việc giữ vũ khí, vật liệu nổ, công cụ hỗ trợ gây hậu quả nghiêm trọng","CÁC TỘI XÂM PHẠM AN TOÀN CÔNG CỘNG, TRẬT TỰ CÔNG CỘNG",chapter_hai_xxi,active,toi thieu trach nhiem trong viec giu vu khi vat lieu no cong cu ho tro gay hau qua nghiem trong
crime_309,article_309,309,"Tội sản xuất, tàng trữ, vận chuyển, sử dụng, phát tán, mua bán trái phép hoặc chiếm đoạt chất phóng xạ, vật liệu hạt nhân","CÁC TỘI XÂM PHẠM AN TOÀN CÔNG CỘNG, TRẬT TỰ CÔNG CỘNG",chapter_hai_xxi,active,toi san xuat tang tru van chuyen su dung phat tan mua ban trai phep hoac chiem doat chat phong xa vat lieu hat nhan
crime_310,article_310,310,"Tội vi phạm quy định về quản lý chất phóng xạ, vật liệu hạt nhân","CÁC TỘI XÂM PHẠM AN TOÀN CÔNG CỘNG, TRẬT TỰ CÔNG CỘNG",chapter_hai_xxi,active,toi vi pham quy dinh ve quan ly chat phong xa vat lieu hat nhan
crime_311,article_311,311,"Tội sản xuất, tàng trữ, vận chuyển, sử dụng hoặc mua bán trái phép chất cháy, chất độc","CÁC TỘI XÂM PHẠM AN TOÀN CÔNG CỘNG, TRẬT TỰ CÔNG CỘNG",chapter_hai_xxi,active,toi san xuat tang tru van chuyen su dung hoac mua ban trai phep chat chay chat doc
crime_312,article_312,312,"Tội vi phạm quy định về quản lý chất cháy, chất độc","CÁC TỘI XÂM PHẠM AN TOÀN CÔNG CỘNG, TRẬT TỰ CÔNG CỘNG",chapter_hai_xxi,active,toi vi pham quy dinh ve quan ly chat chay chat doc
crime_313,article_313,313,"Tội vi phạm quy định về phòng cháy, chữa cháy","CÁC TỘI XÂM PHẠM AN TOÀN CÔNG CỘNG, TRẬT TỰ CÔNG CỘNG",chapter_hai_xxi,active,toi vi pham quy dinh ve phong chay chua chay
crime_314,article_314,314,Tội vi phạm quy định về an toàn vận hành công trình điện lực,"CÁC TỘI XÂM PHẠM AN TOÀN CÔNG CỘNG, TRẬT TỰ CÔNG CỘNG",chapter_hai_xxi,active,toi vi pham quy dinh ve an toan van hanh cong trinh dien luc
crime_315,article_315,315,"Tội vi phạm quy định về khám bệnh, chữa bệnh, sản xuất, pha chế, cấp phát, bán thuốc hoặc dịch vụ y tế khác","CÁC TỘI XÂM PHẠM AN TOÀN CÔNG CỘNG, TRẬT TỰ CÔNG CỘNG",chapter_hai_xxi,active,toi vi pham quy dinh ve kham benh chua benh san xuat pha che cap phat ban thuoc hoac dich vu y te khac
crime_316,article_316,316,Tội phá thai trái phép,"CÁC TỘI XÂM PHẠM AN TOÀN CÔNG CỘNG, TRẬT TỰ CÔNG CỘNG",chapter_hai_xxi,active,toi pha thai trai phep
crime_318,article_318,318,Tội gây rối trật tự công cộng,"CÁC TỘI XÂM PHẠM AN TOÀN CÔNG CỘNG, TRẬT TỰ CÔNG CỘNG",chapter_hai_xxi,active,toi gay roi trat tu cong cong
crime_319,article_319,319,"Tội xâm phạm thi thể, mồ mả, hài cốt","CÁC TỘI XÂM PHẠM AN TOÀN CÔNG CỘNG, TRẬT TỰ CÔNG CỘNG",chapter_hai_xxi,active,toi xam pham thi the mo ma hai cot
crime_320,article_320,320,"Tội hành nghề mê tín, dị đoan","CÁC TỘI XÂM PHẠM AN TOÀN CÔNG CỘNG, TRẬT TỰ CÔNG CỘNG",chapter_hai_xxi,active,toi hanh nghe me tin di doan
crime_321,article_321,321,Tội đánh bạc,"CÁC TỘI XÂM PHẠM AN TOÀN CÔNG CỘNG, TRẬT TỰ CÔNG CỘNG",chapter_hai_xxi,active,toi danh bac
crime_322,article_322,322,Tội tổ chức đánh bạc hoặc gá bạc,"CÁC TỘI XÂM PHẠM AN TOÀN CÔNG CỘNG, TRẬT TỰ CÔNG CỘNG",chapter_hai_xxi,active,toi to chuc danh bac hoac ga bac
crime_323,article_323,323,Tội chứa chấp hoặc tiêu thụ tài sản do người khác phạm tội mà có,"CÁC TỘI XÂM PHẠM AN TOÀN CÔNG CỘNG, TRẬT TỰ CÔNG CỘNG",chapter_hai_xxi,active,toi chua chap hoac tieu thu tai san do nguoi khac pham toi ma co
crime_324,article_324,324,Tội rửa tiền,"CÁC TỘI XÂM PHẠM AN TOÀN CÔNG CỘNG, TRẬT TỰ CÔNG CỘNG",chapter_hai_xxi,active,toi rua tien
crime_325,article_325,325,"Tội dụ dỗ, ép buộc hoặc chứa chấp người dưới 18 tuổi phạm pháp","CÁC TỘI XÂM PHẠM AN TOÀN CÔNG CỘNG, TRẬT TỰ CÔNG CỘNG",chapter_hai_xxi,active,toi du do ep buoc hoac chua chap nguoi duoi 18 tuoi pham phap
crime_326,article_326,326,Tội truyền bá văn hóa phẩm đồi trụy,"CÁC TỘI XÂM PHẠM AN TOÀN CÔNG CỘNG, TRẬT TỰ CÔNG CỘNG",chapter_hai_xxi,active,toi truyen ba van hoa pham doi truy
crime_327,article_327,327,Tội chứa mại dâm,"CÁC TỘI XÂM PHẠM AN TOÀN CÔNG CỘNG, TRẬT TỰ CÔNG CỘNG",chapter_hai_xxi,active,toi chua mai dam
crime_328,article_328,328,Tội môi giới mại dâm,"CÁC TỘI XÂM PHẠM AN TOÀN CÔNG CỘNG, TRẬT TỰ CÔNG CỘNG",chapter_hai_xxi,active,toi moi gioi mai dam
crime_329,article_329,329,Tội mua dâm người dưới 18 tuổi,"CÁC TỘI XÂM PHẠM AN TOÀN CÔNG CỘNG, TRẬT TỰ CÔNG CỘNG",chapter_hai_xxi,active,toi mua dam nguoi duoi 18 tuoi
crime_330,article_330,330,Tội chống người thi hành công vụ,CÁC TỘI XÂM PHẠM TRẬT TỰ QUẢN LÝ HÀNH CHÍNH,chapter_hai_xxii,active,toi chong nguoi thi hanh cong vu
crime_331,article_331,331,"Tội lợi dụng các quyền tự do dân chủ xâm phạm lợi ích của Nhà nước, quyền, lợi ích hợp pháp của tổ chức, cá nhân",CÁC TỘI XÂM PHẠM TRẬT TỰ QUẢN LÝ HÀNH CHÍNH,chapter_hai_xxii,active,toi loi dung cac quyen tu do dan chu xam pham loi ich cua nha nuoc quyen loi ich hop phap cua to chuc ca nhan
crime_332,article_332,332,Tội trốn tránh nghĩa vụ quân sự,CÁC TỘI XÂM PHẠM TRẬT TỰ QUẢN LÝ HÀNH CHÍNH,chapter_hai_xxii,active,toi tron tranh nghia vu quan su
crime_333,article_333,333,Tội không chấp hành lệnh gọi quân nhân dự bị nhập ngũ,CÁC TỘI XÂM PHẠM TRẬT TỰ QUẢN LÝ HÀNH CHÍNH,chapter_hai_xxii,active,toi khong chap hanh lenh goi quan nhan du bi nhap ngu
crime_334,article_334,334,Tội làm trái quy định về việc thực hiện nghĩa vụ quân sự,CÁC TỘI XÂM PHẠM TRẬT TỰ QUẢN LÝ HÀNH CHÍNH,chapter_hai_xxii,active,toi lam trai quy dinh ve viec thuc hien nghia vu quan su
crime_335,article_335,335,Tội cản trở việc thực hiện nghĩa vụ quân sự,CÁC TỘI XÂM PHẠM TRẬT TỰ QUẢN LÝ HÀNH CHÍNH,chapter_hai_xxii,active,toi can tro viec thuc hien nghia vu quan su
crime_336,article_336,336,Tội đăng ký hộ tịch trái pháp luật,CÁC TỘI XÂM PHẠM TRẬT TỰ QUẢN LÝ HÀNH CHÍNH,chapter_hai_xxii,active,toi dang ky ho tich trai phap luat
crime_337,article_337,337,"Tội cố ý làm lộ bí mật nhà nước; tội chiếm đoạt, mua bán hoặc tiêu hủy vật hoặc tài liệu bí mật nhà nước",CÁC TỘI XÂM PHẠM TRẬT TỰ QUẢN LÝ HÀNH CHÍNH,chapter_hai_xxii,active,toi co y lam lo bi mat nha nuoc toi chiem doat mua ban hoac tieu huy vat hoac tai lieu bi mat nha nuoc
crime_338,article_338,338,"Tội vô ý làm lộ bí mật nhà nước; tội làm mất vật, tài liệu bí mật nhà nước",CÁC TỘI XÂM PHẠM TRẬT TỰ QUẢN LÝ HÀNH CHÍNH,chapter_hai_xxii,active,toi vo y lam lo bi mat nha nuoc toi lam mat vat tai lieu bi mat nha nuoc
crime_339,article_339,339,"Tội giả mạo chức vụ, cấp bậc, vị trí công tác",CÁC TỘI XÂM PHẠM TRẬT TỰ QUẢN LÝ HÀNH CHÍNH,chapter_hai_xxii,active,toi gia mao chuc vu cap bac vi tri cong tac
crime_340,article_340,340,"Tội sửa chữa và sử dụng giấy chứng nhận, các tài liệu của cơ quan, tổ chức",CÁC TỘI XÂM PHẠM TRẬT TỰ QUẢN LÝ HÀNH CHÍNH,chapter_hai_xxii,active,toi sua chua va su dung giay chung nhan cac tai lieu cua co quan to chuc
crime_341,article_341,341,"Tội làm giả con dấu, tài liệu của cơ quan, tổ chức; tội sử dụng con dấu hoặc tài liệu giả của cơ quan, tổ chức",CÁC TỘI XÂM PHẠM TRẬT TỰ QUẢN LÝ HÀNH CHÍNH,chapter_hai_xxii,active,toi lam gia con dau tai lieu cua co quan to chuc toi su dung con dau hoac tai lieu gia cua co quan to chuc
crime_342,article_342,342,"Tội chiếm đoạt, mua bán, tiêu hủy con dấu, tài liệu của cơ quan, tổ chức",CÁC TỘI XÂM PHẠM TRẬT TỰ QUẢN LÝ HÀNH CHÍNH,chapter_hai_xxii,active,toi chiem doat mua ban tieu huy con dau tai lieu cua co quan to chuc
crime_343,article_343,343,Tội vi phạm các quy định về quản lý nhà ở,CÁC TỘI XÂM PHẠM TRẬT TỰ QUẢN LÝ HÀNH CHÍNH,chapter_hai_xxii,active,toi vi pham cac quy dinh ve quan ly nha o
crime_344,article_344,344,Tội vi phạm quy định về hoạt động xuất bản,CÁC TỘI XÂM PHẠM TRẬT TỰ QUẢN LÝ HÀNH CHÍNH,chapter_hai_xxii,active,toi vi pham quy dinh ve hoat dong xuat ban
crime_345,article_345,345,"Tội vi phạm các quy định về bảo vệ và sử dụng di tích lịch sử - văn hóa, danh lam, thắng cảnh gây hậu quả nghiêm trọng",CÁC TỘI XÂM PHẠM TRẬT TỰ QUẢN LÝ HÀNH CHÍNH,chapter_hai_xxii,active,toi vi pham cac quy dinh ve bao ve va su dung di tich lich su van hoa danh lam thang canh gay hau qua nghiem trong
crime_346,article_346,346,Tội vi phạm quy chế về khu vực biên giới,CÁC TỘI XÂM PHẠM TRẬT TỰ QUẢN LÝ HÀNH CHÍNH,chapter_hai_xxii,active,toi vi pham quy che ve khu vuc bien gioi
crime_347,article_347,347,"Tội vi phạm quy định về xuất cảnh, nhập cảnh; tội ở lại Việt Nam trái phép",CÁC TỘI XÂM PHẠM TRẬT TỰ QUẢN LÝ HÀNH CHÍNH,chapter_hai_xxii,active,toi vi pham quy dinh ve xuat canh nhap canh toi o lai viet nam trai phep
crime_348,article_348,348,"Tội tổ chức, môi giới cho người khác xuất cảnh, nhập cảnh hoặc ở lại Việt Nam trái phép",CÁC TỘI XÂM PHẠM TRẬT TỰ QUẢN LÝ HÀNH CHÍNH,chapter_hai_xxii,active,toi to chuc moi gioi cho nguoi khac xuat canh nhap canh hoac o lai viet nam trai phep
crime_349,article_349,349,"Tội tổ chức, môi giới cho người khác trốn đi nước ngoài hoặc ở lại nước ngoài trái phép",CÁC TỘI XÂM PHẠM TRẬT TỰ QUẢN LÝ HÀNH CHÍNH,chapter_hai_xxii,active,toi to chuc moi gioi cho nguoi khac tron di nuoc ngoai hoac o lai nuoc ngoai trai phep
crime_350,article_350,350,Tội cưỡng ép người khác trốn đi nước ngoài hoặc ở lại nước ngoài trái phép,CÁC TỘI XÂM PHẠM TRẬT TỰ QUẢN LÝ HÀNH CHÍNH,chapter_hai_xxii,active,toi cuong ep nguoi khac tron di nuoc ngoai hoac o lai nuoc ngoai trai phep
crime_351,article_351,351,"Tội xúc phạm Quốc kỳ, Quốc huy, Quốc ca",CÁC TỘI XÂM PHẠM TRẬT TỰ QUẢN LÝ HÀNH CHÍNH,chapter_hai_xxii,active,toi xuc pham quoc ky quoc huy quoc ca
crime_352,article_352,352,Khái niệm tội phạm về chức vụ,CÁC TỘI PHẠM VỀ CHỨC VỤ,chapter_hai_xxiii,active,khai niem toi pham ve chuc vu
crime_353,article_353,353,Tội tham ô tài sản,CÁC TỘI PHẠM VỀ CHỨC VỤ,chapter_hai_xxiii,active,toi tham o tai san
crime_354,article_354,354,Tội nhận hối lộ,CÁC TỘI PHẠM VỀ CHỨC VỤ,chapter_hai_xxiii,active,toi nhan hoi lo
crime_355,article_355,355,"Tội lạm dụng chức vụ, quyền hạn chiếm đoạt tài sản",CÁC TỘI PHẠM VỀ CHỨC VỤ,chapter_hai_xxiii,active,toi lam dung chuc vu quyen han chiem doat tai san
crime_356,article_356,356,"Tội lợi dụng chức vụ, quyền hạn trong khi thi hành công vụ",CÁC TỘI PHẠM VỀ CHỨC VỤ,chapter_hai_xxiii,active,toi loi dung chuc vu quyen han trong khi thi hanh cong vu
crime_357,article_357,357,Tội lạm quyền trong khi thi hành công vụ,CÁC TỘI PHẠM VỀ CHỨC VỤ,chapter_hai_xxiii,active,toi lam quyen trong khi thi hanh cong vu
crime_358,article_358,358,"Tội lợi dụng chức vụ, quyền hạn gây ảnh hưởng đối với người khác để trục lợi",CÁC TỘI PHẠM VỀ CHỨC VỤ,chapter_hai_xxiii,active,toi loi dung chuc vu quyen han gay anh huong doi voi nguoi khac de truc loi
crime_359,article_359,359,Tội giả mạo trong công tác,CÁC TỘI PHẠM VỀ CHỨC VỤ,chapter_hai_xxiii,active,toi gia mao trong cong tac
crime_360,article_360,360,Tội thiếu trách nhiệm gây hậu quả nghiêm trọng,CÁC TỘI PHẠM VỀ CHỨC VỤ,chapter_hai_xxiii,active,toi thieu trach nhiem gay hau qua nghiem trong
crime_361,article_361,361,"Tội cố ý làm lộ bí mật công tác; tội chiếm đoạt, mua bán hoặc tiêu hủy tài liệu bí mật công tác",CÁC TỘI PHẠM VỀ CHỨC VỤ,chapter_hai_xxiii,active,toi co y lam lo bi mat cong tac toi chiem doat mua ban hoac tieu huy tai lieu bi mat cong tac
crime_362,article_362,362,Tội vô ý làm lộ bí mật công tác; tội làm mất tài liệu bí mật công tác,CÁC TỘI PHẠM VỀ CHỨC VỤ,chapter_hai_xxiii,active,toi vo y lam lo bi mat cong tac toi lam mat tai lieu bi mat cong tac
crime_363,article_363,363,Tội đào nhiệm,CÁC TỘI PHẠM VỀ CHỨC VỤ,chapter_hai_xxiii,active,toi dao nhiem
crime_364,article_364,364,Tội đưa hối lộ,CÁC TỘI PHẠM VỀ CHỨC VỤ,chapter_hai_xxiii,active,toi dua hoi lo
crime_365,article_365,365,Tội môi giới hối lộ,CÁC TỘI PHẠM VỀ CHỨC VỤ,chapter_hai_xxiii,active,toi moi gioi hoi lo
crime_366,article_366,366,Tội lợi dụng ảnh hưởng đối với người có chức vụ quyền hạn để trục lợi,CÁC TỘI PHẠM VỀ CHỨC VỤ,chapter_hai_xxiii,active,toi loi dung anh huong doi voi nguoi co chuc vu quyen han de truc loi
crime_367,article_367,367,Khái niệm tội xâm phạm hoạt động tư pháp,CÁC TỘI XÂM PHẠM HOẠT ĐỘNG TƯ PHÁP,chapter_hai_xxiv,active,khai niem toi xam pham hoat dong tu phap
crime_368,article_368,368,Tội truy cứu trách nhiệm hình sự người không có tội,CÁC TỘI XÂM PHẠM HOẠT ĐỘNG TƯ PHÁP,chapter_hai_xxiv,active,toi truy cuu trach nhiem hinh su nguoi khong co toi
crime_369,article_369,369,Tội không truy cứu trách nhiệm hình sự người có tội,CÁC TỘI XÂM PHẠM HOẠT ĐỘNG TƯ PHÁP,chapter_hai_xxiv,active,toi khong truy cuu trach nhiem hinh su nguoi co toi
crime_370,article_370,370,Tội ra bản án trái pháp luật,CÁC TỘI XÂM PHẠM HOẠT ĐỘNG TƯ PHÁP,chapter_hai_xxiv,active,toi ra ban an trai phap luat
crime_371,article_371,371,Tội ra quyết định trái pháp luật,CÁC TỘI XÂM PHẠM HOẠT ĐỘNG TƯ PHÁP,chapter_hai_xxiv,active,toi ra quyet dinh trai phap luat
crime_372,article_372,372,Tội ép buộc người có thẩm quyền trong hoạt động tư pháp làm trái pháp luật,CÁC TỘI XÂM PHẠM HOẠT ĐỘNG TƯ PHÁP,chapter_hai_xxiv,active,toi ep buoc nguoi co tham quyen trong hoat dong tu phap lam trai phap luat
crime_373,article_373,373,Tội dùng nhục hình,CÁC TỘI XÂM PHẠM HOẠT ĐỘNG TƯ PHÁP,chapter_hai_xxiv,active,toi dung nhuc hinh
crime_374,article_374,374,Tội bức cung,CÁC TỘI XÂM PHẠM HOẠT ĐỘNG TƯ PHÁP,chapter_hai_xxiv,active,toi buc cung
crime_375,article_375,375,"Tội làm sai lệch hồ sơ vụ án, vụ việc",CÁC TỘI XÂM PHẠM HOẠT ĐỘNG TƯ PHÁP,chapter_hai_xxiv,active,toi lam sai lech ho so vu an vu viec
crime_376,article_376,376,"Tội thiếu trách nhiệm để người bị bắt, người bị tạm giữ, tạm giam, người đang chấp hành án phạt tù trốn",CÁC TỘI XÂM PHẠM HOẠT ĐỘNG TƯ PHÁP,chapter_hai_xxiv,active,toi thieu trach nhiem de nguoi bi bat nguoi bi tam giu tam giam nguoi dang chap hanh an phat tu tron
crime_377,article_377,377,"Tội lợi dụng chức vụ, quyền hạn bắt, giữ, giam người trái pháp luật",CÁC TỘI XÂM PHẠM HOẠT ĐỘNG TƯ PHÁP,chapter_hai_xxiv,active,toi loi dung chuc vu quyen han bat giu giam nguoi trai phap luat
crime_378,article_378,378,"Tội tha trái pháp luật người bị bắt, người đang bị tạm giữ, tạm giam, người đang chấp hành án phạt tù",CÁC TỘI XÂM PHẠM HOẠT ĐỘNG TƯ PHÁP,chapter_hai_xxiv,active,toi tha trai phap luat nguoi bi bat nguoi dang bi tam giu tam giam nguoi dang chap hanh an phat tu
crime_379,article_379,379,Tội không thi hành án,CÁC TỘI XÂM PHẠM HOẠT ĐỘNG TƯ PHÁP,chapter_hai_xxiv,active,toi khong thi hanh an
crime_380,article_380,380,Tội không chấp hành án,CÁC TỘI XÂM PHẠM HOẠT ĐỘNG TƯ PHÁP,chapter_hai_xxiv,active,toi khong chap hanh an
crime_381,article_381,381,Tội cản trở việc thi hành án,CÁC TỘI XÂM PHẠM HOẠT ĐỘNG TƯ PHÁP,chapter_hai_xxiv,active,toi can tro viec thi hanh an
crime_382,article_382,382,Tội cung cấp tài liệu sai sự thật hoặc khai báo gian dối,CÁC TỘI XÂM PHẠM HOẠT ĐỘNG TƯ PHÁP,chapter_hai_xxiv,active,toi cung cap tai lieu sai su that hoac khai bao gian doi
crime_383,article_383,383,"Tội từ chối khai báo, từ chối kết luận giám định, định giá tài sản hoặc từ chối cung cấp tài liệu",CÁC TỘI XÂM PHẠM HOẠT ĐỘNG TƯ PHÁP,chapter_hai_xxiv,active,toi tu choi khai bao tu choi ket luan giam dinh dinh gia tai san hoac tu choi cung cap tai lieu
crime_384,article_384,384,"Tội mua chuộc hoặc cưỡng ép người khác trong việc khai báo, cung cấp tài liệu",CÁC TỘI XÂM PHẠM HOẠT ĐỘNG TƯ PHÁP,chapter_hai_xxiv,active,toi mua chuoc hoac cuong ep nguoi khac trong viec khai bao cung cap tai lieu
crime_385,article_385,385,"Tội vi phạm việc niêm phong, kê biên tài sản, phong tỏa tài khoản",CÁC TỘI XÂM PHẠM HOẠT ĐỘNG TƯ PHÁP,chapter_hai_xxiv,active,toi vi pham viec niem phong ke bien tai san phong toa tai khoan
crime_386,article_386,386,"Tội trốn khỏi nơi giam, giữ hoặc trốn khi đang bị áp giải, đang bị xét xử",CÁC TỘI XÂM PHẠM HOẠT ĐỘNG TƯ PHÁP,chapter_hai_xxiv,active,toi tron khoi noi giam giu hoac tron khi dang bi ap giai dang bi xet xu
crime_387,article_387,387,"Tội đánh tháo người bị bắt, bị tạm giữ, tạm giam, người đang bị áp giải, xét xử, chấp hành án phạt tù",CÁC TỘI XÂM PHẠM HOẠT ĐỘNG TƯ PHÁP,chapter_hai_xxiv,active,toi danh thao nguoi bi bat bi tam giu tam giam nguoi dang bi ap giai xet xu chap hanh an phat tu
crime_388,article_388,388,Tội vi phạm quy định về giam giữ,CÁC TỘI XÂM PHẠM HOẠT ĐỘNG TƯ PHÁP,chapter_hai_xxiv,active,toi vi pham quy dinh ve giam giu
crime_389,article_389,389,Tội che giấu tội phạm,CÁC TỘI XÂM PHẠM HOẠT ĐỘNG TƯ PHÁP,chapter_hai_xxiv,active,toi che giau toi pham
crime_390,article_390,390,Tội không tố giác tội phạm,CÁC TỘI XÂM PHẠM HOẠT ĐỘNG TƯ PHÁP,chapter_hai_xxiv,active,toi khong to giac toi pham
crime_391,article_391,391,"Tội gây rối trật tự phiên tòa, phiên họp",CÁC TỘI XÂM PHẠM HOẠT ĐỘNG TƯ PHÁP,chapter_hai_xxiv,active,toi gay roi trat tu phien toa phien hop
crime_392,article_392,392,"Những người phải chịu trách nhiệm hình sự về các tội xâm phạm nghĩa vụ, trách nhiệm của quân nhân","CÁC TỘI XÂM PHẠM NGHĨA VỤ, TRÁCH NHIỆM CỦA QUÂN NHÂN VÀ TRÁCH NHIỆM CỦA NGƯỜI PHỐI THUỘC VỚI QUÂN ĐỘI TRONG CHIẾN ĐẤU, PHỤC VỤ CHIẾN ĐẤU",chapter_hai_xxv,active,nhung nguoi phai chiu trach nhiem hinh su ve cac toi xam pham nghia vu trach nhiem cua quan nhan
crime_393,article_393,393,Tội ra mệnh lệnh trái pháp luật,"CÁC TỘI XÂM PHẠM NGHĨA VỤ, TRÁCH NHIỆM CỦA QUÂN NHÂN VÀ TRÁCH NHIỆM CỦA NGƯỜI PHỐI THUỘC VỚI QUÂN ĐỘI TRONG CHIẾN ĐẤU, PHỤC VỤ CHIẾN ĐẤU",chapter_hai_xxv,active,toi ra menh lenh trai phap luat
crime_394,article_394,394,Tội chống mệnh lệnh,"CÁC TỘI XÂM PHẠM NGHĨA VỤ, TRÁCH NHIỆM CỦA QUÂN NHÂN VÀ TRÁCH NHIỆM CỦA NGƯỜI PHỐI THUỘC VỚI QUÂN ĐỘI TRONG CHIẾN ĐẤU, PHỤC VỤ CHIẾN ĐẤU",chapter_hai_xxv,active,toi chong menh lenh
crime_395,article_395,395,Tội chấp hành không nghiêm chỉnh mệnh lệnh,"CÁC TỘI XÂM PHẠM NGHĨA VỤ, TRÁCH NHIỆM CỦA QUÂN NHÂN VÀ TRÁCH NHIỆM CỦA NGƯỜI PHỐI THUỘC VỚI QUÂN ĐỘI TRONG CHIẾN ĐẤU, PHỤC VỤ CHIẾN ĐẤU",chapter_hai_xxv,active,toi chap hanh khong nghiem chinh menh lenh
crime_396,article_396,396,Tội cản trở đồng đội thực hiện nhiệm vụ,"CÁC TỘI XÂM PHẠM NGHĨA VỤ, TRÁCH NHIỆM CỦA QUÂN NHÂN VÀ TRÁCH NHIỆM CỦA NGƯỜI PHỐI THUỘC VỚI QUÂN ĐỘI TRONG CHIẾN ĐẤU, PHỤC VỤ CHIẾN ĐẤU",chapter_hai_xxv,active,toi can tro dong doi thuc hien nhiem vu
crime_397,article_397,397,Tội làm nhục đồng đội,"CÁC TỘI XÂM PHẠM NGHĨA VỤ, TRÁCH NHIỆM CỦA QUÂN NHÂN VÀ TRÁCH NHIỆM CỦA NGƯỜI PHỐI THUỘC VỚI QUÂN ĐỘI TRONG CHIẾN ĐẤU, PHỤC VỤ CHIẾN ĐẤU",chapter_hai_xxv,active,toi lam nhuc dong doi
crime_398,article_398,398,Tội hành hung đồng đội,"CÁC TỘI XÂM PHẠM NGHĨA VỤ, TRÁCH NHIỆM CỦA QUÂN NHÂN VÀ TRÁCH NHIỆM CỦA NGƯỜI PHỐI THUỘC VỚI QUÂN ĐỘI TRONG CHIẾN ĐẤU, PHỤC VỤ CHIẾN ĐẤU",chapter_hai_xxv,active,toi hanh hung dong doi
crime_399,article_399,399,Tội đầu hàng địch,"CÁC TỘI XÂM PHẠM NGHĨA VỤ, TRÁCH NHIỆM CỦA QUÂN NHÂN VÀ TRÁCH NHIỆM CỦA NGƯỜI PHỐI THUỘC VỚI QUÂN ĐỘI TRONG CHIẾN ĐẤU, PHỤC VỤ CHIẾN ĐẤU",chapter_hai_xxv,active,toi dau hang dich
crime_400,article_400,400,Tội khai báo hoặc tự nguyện làm việc cho địch khi bị bắt làm tù binh,"CÁC TỘI XÂM PHẠM NGHĨA VỤ, TRÁCH NHIỆM CỦA QUÂN NHÂN VÀ TRÁCH NHIỆM CỦA NGƯỜI PHỐI THUỘC VỚI QUÂN ĐỘI TRONG CHIẾN ĐẤU, PHỤC VỤ CHIẾN ĐẤU",chapter_hai_xxv,active,toi khai bao hoac tu nguyen lam viec cho dich khi bi bat lam tu binh
crime_401,article_401,401,Tội bỏ vị trí chiến đấu hoặc không làm nhiệm vụ trong chiến đấu,"CÁC TỘI XÂM PHẠM NGHĨA VỤ, TRÁCH NHIỆM CỦA QUÂN NHÂN VÀ TRÁCH NHIỆM CỦA NGƯỜI PHỐI THUỘC VỚI QUÂN ĐỘI TRONG CHIẾN ĐẤU, PHỤC VỤ CHIẾN ĐẤU",chapter_hai_xxv,active,toi bo vi tri chien dau hoac khong lam nhiem vu trong chien dau
crime_402,article_402,402,Tội đào ngũ,"CÁC TỘI XÂM PHẠM NGHĨA VỤ, TRÁCH NHIỆM CỦA QUÂN NHÂN VÀ TRÁCH NHIỆM CỦA NGƯỜI PHỐI THUỘC VỚI QUÂN ĐỘI TRONG CHIẾN ĐẤU, PHỤC VỤ CHIẾN ĐẤU",chapter_hai_xxv,active,toi dao ngu
crime_403,article_403,403,Tội trốn tránh nhiệm vụ,"CÁC TỘI XÂM PHẠM NGHĨA VỤ, TRÁCH NHIỆM CỦA QUÂN NHÂN VÀ TRÁCH NHIỆM CỦA NGƯỜI PHỐI THUỘC VỚI QUÂN ĐỘI TRONG CHIẾN ĐẤU, PHỤC VỤ CHIẾN ĐẤU",chapter_hai_xxv,active,toi tron tranh nhiem vu
crime_404,article_404,404,Tội cố ý làm lộ bí mật công tác quân sự,"CÁC TỘI XÂM PHẠM NGHĨA VỤ, TRÁCH NHIỆM CỦA QUÂN NHÂN VÀ TRÁCH NHIỆM CỦA NGƯỜI PHỐI THUỘC VỚI QUÂN ĐỘI TRONG CHIẾN ĐẤU, PHỤC VỤ CHIẾN ĐẤU",chapter_hai_xxv,active,toi co y lam lo bi mat cong tac quan su
crime_405,article_405,405,"Tội chiếm đoạt, mua bán hoặc tiêu hủy tài liệu bí mật công tác quân sự","CÁC TỘI XÂM PHẠM NGHĨA VỤ, TRÁCH NHIỆM CỦA QUÂN NHÂN VÀ TRÁCH NHIỆM CỦA NGƯỜI PHỐI THUỘC VỚI QUÂN ĐỘI TRONG CHIẾN ĐẤU, PHỤC VỤ CHIẾN ĐẤU",chapter_hai_xxv,active,toi chiem doat mua ban hoac tieu huy tai lieu bi mat cong tac quan su
crime_406,article_406,406,Tội vô ý làm lộ bí mật công tác quân sự,"CÁC TỘI XÂM PHẠM NGHĨA VỤ, TRÁCH NHIỆM CỦA QUÂN NHÂN VÀ TRÁCH NHIỆM CỦA NGƯỜI PHỐI THUỘC VỚI QUÂN ĐỘI TRONG CHIẾN ĐẤU, PHỤC VỤ CHIẾN ĐẤU",chapter_hai_xxv,active,toi vo y lam lo bi mat cong tac quan su
crime_407,article_407,407,Tội làm mất tài liệu bí mật công tác quân sự,"CÁC TỘI XÂM PHẠM NGHĨA VỤ, TRÁCH NHIỆM CỦA QUÂN NHÂN VÀ TRÁCH NHIỆM CỦA NGƯỜI PHỐI THUỘC VỚI QUÂN ĐỘI TRONG CHIẾN ĐẤU, PHỤC VỤ CHIẾN ĐẤU",chapter_hai_xxv,active,toi lam mat tai lieu bi mat cong tac quan su
crime_408,article_408,408,Tội báo cáo sai,"CÁC TỘI XÂM PHẠM NGHĨA VỤ, TRÁCH NHIỆM CỦA QUÂN NHÂN VÀ TRÁCH NHIỆM CỦA NGƯỜI PHỐI THUỘC VỚI QUÂN ĐỘI TRONG CHIẾN ĐẤU, PHỤC VỤ CHIẾN ĐẤU",chapter_hai_xxv,active,toi bao cao sai
crime_409,article_409,409,"Tội vi phạm quy định về trực ban, trực chiến, trực chỉ huy","CÁC TỘI XÂM PHẠM NGHĨA VỤ, TRÁCH NHIỆM CỦA QUÂN NHÂN VÀ TRÁCH NHIỆM CỦA NGƯỜI PHỐI THUỘC VỚI QUÂN ĐỘI TRONG CHIẾN ĐẤU, PHỤC VỤ CHIẾN ĐẤU",chapter_hai_xxv,active,toi vi pham quy dinh ve truc ban truc chien truc chi huy
crime_410,article_410,410,Tội vi phạm quy định về bảo vệ,"CÁC TỘI XÂM PHẠM NGHĨA VỤ, TRÁCH NHIỆM CỦA QUÂN NHÂN VÀ TRÁCH NHIỆM CỦA NGƯỜI PHỐI THUỘC VỚI QUÂN ĐỘI TRONG CHIẾN ĐẤU, PHỤC VỤ CHIẾN ĐẤU",chapter_hai_xxv,active,toi vi pham quy dinh ve bao ve
crime_411,article_411,411,Tội vi phạm các quy định về bảo đảm an toàn trong chiến đấu hoặc trong huấn luyện,"CÁC TỘI XÂM PHẠM NGHĨA VỤ, TRÁCH NHIỆM CỦA QUÂN NHÂN VÀ TRÁCH NHIỆM CỦA NGƯỜI PHỐI THUỘC VỚI QUÂN ĐỘI TRONG CHIẾN ĐẤU, PHỤC VỤ CHIẾN ĐẤU",chapter_hai_xxv,active,toi vi pham cac quy dinh ve bao dam an toan trong chien dau hoac trong huan luyen
crime_412,article_412,412,"Tội vi phạm quy định về sử dụng vũ khí quân dụng, trang bị kỹ thuật quân sự","CÁC TỘI XÂM PHẠM NGHĨA VỤ, TRÁCH NHIỆM CỦA QUÂN NHÂN VÀ TRÁCH NHIỆM CỦA NGƯỜI PHỐI THUỘC VỚI QUÂN ĐỘI TRONG CHIẾN ĐẤU, PHỤC VỤ CHIẾN ĐẤU",chapter_hai_xxv,active,toi vi pham quy dinh ve su dung vu khi quan dung trang bi ky thuat quan su
crime_413,article_413,413,"Tội hủy hoại hoặc cố ý làm hư hỏng vũ khí quân dụng, trang bị kỹ thuật quân sự","CÁC TỘI XÂM PHẠM NGHĨA VỤ, TRÁCH NHIỆM CỦA QUÂN NHÂN VÀ TRÁCH NHIỆM CỦA NGƯỜI PHỐI THUỘC VỚI QUÂN ĐỘI TRONG CHIẾN ĐẤU, PHỤC VỤ CHIẾN ĐẤU",chapter_hai_xxv,active,toi huy hoai hoac co y lam hu hong vu khi quan dung trang bi ky thuat quan su
crime_414,article_414,414,"Tội làm mất hoặc vô ý làm hư hỏng vũ khí quân dụng, phương tiện kỹ thuật quân sự","CÁC TỘI XÂM PHẠM NGHĨA VỤ, TRÁCH NHIỆM CỦA QUÂN NHÂN VÀ TRÁCH NHIỆM CỦA NGƯỜI PHỐI THUỘC VỚI QUÂN ĐỘI TRONG CHIẾN ĐẤU, PHỤC VỤ CHIẾN ĐẤU",chapter_hai_xxv,active,toi lam mat hoac vo y lam hu hong vu khi quan dung phuong tien ky thuat quan su
crime_415,article_415,415,Tội quấy nhiễu nhân dân,"CÁC TỘI XÂM PHẠM NGHĨA VỤ, TRÁCH NHIỆM CỦA QUÂN NHÂN VÀ TRÁCH NHIỆM CỦA NGƯỜI PHỐI THUỘC VỚI QUÂN ĐỘI TRONG CHIẾN ĐẤU, PHỤC VỤ CHIẾN ĐẤU",chapter_hai_xxv,active,toi quay nhieu nhan dan
crime_416,article_416,416,Tội lạm dụng nhu cầu quân sự trong khi thực hiện nhiệm vụ,"CÁC TỘI XÂM PHẠM NGHĨA VỤ, TRÁCH NHIỆM CỦA QUÂN NHÂN VÀ TRÁCH NHIỆM CỦA NGƯỜI PHỐI THUỘC VỚI QUÂN ĐỘI TRONG CHIẾN ĐẤU, PHỤC VỤ CHIẾN ĐẤU",chapter_hai_xxv,active,toi lam dung nhu cau quan su trong khi thuc hien nhiem vu
crime_417,article_417,417,"Tội cố ý bỏ thương binh, tử sỹ hoặc không chăm sóc, cứu chữa thương binh","CÁC TỘI XÂM PHẠM NGHĨA VỤ, TRÁCH NHIỆM CỦA QUÂN NHÂN VÀ TRÁCH NHIỆM CỦA NGƯỜI PHỐI THUỘC VỚI QUÂN ĐỘI TRONG CHIẾN ĐẤU, PHỤC VỤ CHIẾN ĐẤU",chapter_hai_xxv,active,toi co y bo thuong binh tu sy hoac khong cham soc cuu chua thuong binh
crime_418,article_418,418,Tội chiếm đoạt hoặc hủy hoại di vật của tử sỹ,"CÁC TỘI XÂM PHẠM NGHĨA VỤ, TRÁCH NHIỆM CỦA QUÂN NHÂN VÀ TRÁCH NHIỆM CỦA NGƯỜI PHỐI THUỘC VỚI QUÂN ĐỘI TRONG CHIẾN ĐẤU, PHỤC VỤ CHIẾN ĐẤU",chapter_hai_xxv,active,toi chiem doat hoac huy hoai di vat cua tu sy
crime_419,article_419,419,Tội chiếm đoạt hoặc hủy hoại chiến lợi phẩm,"CÁC TỘI XÂM PHẠM NGHĨA VỤ, TRÁCH NHIỆM CỦA QUÂN NHÂN VÀ TRÁCH NHIỆM CỦA NGƯỜI PHỐI THUỘC VỚI QUÂN ĐỘI TRONG CHIẾN ĐẤU, PHỤC VỤ CHIẾN ĐẤU",chapter_hai_xxv,active,toi chiem doat hoac huy hoai chien loi pham
crime_420,article_420,420,"Tội ngược đãi tù binh, hàng binh","CÁC TỘI XÂM PHẠM NGHĨA VỤ, TRÁCH NHIỆM CỦA QUÂN NHÂN VÀ TRÁCH NHIỆM CỦA NGƯỜI PHỐI THUỘC VỚI QUÂN ĐỘI TRONG CHIẾN ĐẤU, PHỤC VỤ CHIẾN ĐẤU",chapter_hai_xxv,active,toi nguoc dai tu binh hang binh
crime_421,article_421,421,"Tội phá hoại hòa bình, gây chiến tranh xâm lược","CÁC TỘI PHÁ HOẠI HÒA BÌNH, CHỐNG LOÀI NGƯỜI VÀ TỘI PHẠM CHIẾN TRANH",chapter_hai_xxvi,active,toi pha hoai hoa binh gay chien tranh xam luoc
crime_422,article_422,422,Tội chống loài người,"CÁC TỘI PHÁ HOẠI HÒA BÌNH, CHỐNG LOÀI NGƯỜI VÀ TỘI PHẠM CHIẾN TRANH",chapter_hai_xxvi,active,toi chong loai nguoi
crime_423,article_423,423,Tội phạm chiến tranh,"CÁC TỘI PHÁ HOẠI HÒA BÌNH, CHỐNG LOÀI NGƯỜI VÀ TỘI PHẠM CHIẾN TRANH",chapter_hai_xxvi,active,toi pham chien tranh
crime_424,article_424,424,"Tội tuyển mộ, huấn luyện hoặc sử dụng lính đánh thuê","CÁC TỘI PHÁ HOẠI HÒA BÌNH, CHỐNG LOÀI NGƯỜI VÀ TỘI PHẠM CHIẾN TRANH",chapter_hai_xxvi,active,toi tuyen mo huan luyen hoac su dung linh danh thue
crime_425,article_425,425,Tội làm lính đánh thuê,"CÁC TỘI PHÁ HOẠI HÒA BÌNH, CHỐNG LOÀI NGƯỜI VÀ TỘI PHẠM CHIẾN TRANH",chapter_hai_xxvi,active,toi lam linh danh thue
