id,name,concept_type,article_id,article_code,description,normalized_name
concept_article_1,Nhiệm vụ của Bộ luật hình sự,general_rule,article_1,1,"Bộ luật hình sự có nhiệm vụ bảo vệ chủ quyền quốc gia, an ninh của đất nước, bảo vệ chế độ xã hội chủ nghĩa, quyền con người, quyền công dân, bảo vệ quyền bình đẳng giữa đồng bào các dân tộc, bảo vệ lợi ích của Nhà nước, tổ chức, bảo vệ trật tự pháp luật, chống mọi hành vi phạm tội; giáo dục mọi người ý thức tuân theo pháp luật, phòng ngừa và đấu tranh chống tội phạm. Bộ luật này quy định về tội phạm và hình phạt.",nhiem vu cua bo luat hinh su
concept_article_2,Cơ sở của trách nhiệm hình sự,general_rule,article_2,2,1. Chỉ người nào phạm một tội đã được Bộ luật hình sự quy định mới phải chịu trách nhiệm hình sự. 2. Chỉ pháp nhân thương mại nào phạm một tội đã được quy định tại Điều 76 của Bộ luật này mới phải chịu trách nhiệm hình sự.,co so cua trach nhiem hinh su
concept_article_3,Nguyên tắc xử lý,general_rule,article_3,3,"1. Đối với người phạm tội: a) Mọi hành vi phạm tội do người thực hiện phải được phát hiện kịp thời, xử lý nhanh chóng, công minh theo đúng pháp luật; b) Mọi người phạm tội đều bình đẳng trước pháp luật, không phân biệt giới tính, dân tộc, tín ngưỡng, tôn giáo, thành phần, địa vị xã hội; c) Nghiêm trị người chủ mưu, cầm đầu, chỉ huy, ngoan cố chống đối, côn đồ, tái phạm nguy hiểm, lợi dụng chức vụ, quyền hạn để phạm tội; d) Nghiêm trị người phạm tội dùng thủ đoạn xảo quyệt, có tổ chức, có tính chất chuyên nghiệp, cố ý gây hậu quả đặc biệt nghiêm trọng. Khoan hồng đối với người tự thú, đầu thú, ",nguyen tac xu ly
concept_article_4,Trách nhiệm phòng ngừa và đấu tranh chống tội phạm,general_rule,article_4,4,"1. Cơ quan Công an, Viện kiểm sát nhân dân, Tòa án nhân dân và các cơ quan hữu quan khác có trách nhiệm thực hiện đầy đủ chức năng, nhiệm vụ, quyền hạn của mình, đồng thời hướng dẫn, giúp đỡ các cơ quan khác của Nhà nước, tổ chức, cá nhân phòng ngừa và đấu tranh chống tội phạm, giám sát và giáo dục người phạm tội tại cộng đồng. 2. Cơ quan, tổ chức có nhiệm vụ giáo dục những người thuộc quyền quản lý của mình nâng cao cảnh giác, ý thức bảo vệ và tuân theo pháp luật, tôn trọng các quy tắc của cuộc sống xã hội chủ nghĩa; kịp thời có biện pháp loại trừ nguyên nhân và điều kiện gây ra tội phạm tron",trach nhiem phong ngua va dau tranh chong toi pham
concept_article_5,Hiệu lực của Bộ luật hình sự đối với những hành vi phạm tội trên lãnh thổ nước Cộng hòa xã hội chủ nghĩa Việt Nam,general_rule,article_5,5,"1. Bộ luật hình sự được áp dụng đối với mọi hành vi phạm tội thực hiện trên lãnh thổ nước Cộng hòa xã hội chủ nghĩa Việt Nam. Quy định này cũng được áp dụng đối với hành vi phạm tội hoặc hậu quả của hành vi phạm tội xảy ra trên tàu bay, tàu biển mang quốc tịch Việt Nam hoặc tại vùng đặc quyền kinh tế, thềm lục địa của Việt Nam. 2. Đối với người nước ngoài phạm tội trên lãnh thổ nước Cộng hòa xã hội chủ nghĩa Việt Nam thuộc đối tượng được hưởng quyền miễn trừ ngoại giao hoặc lãnh sự theo pháp luật Việt Nam, theo điều ước quốc tế mà Cộng hòa xã hội chủ nghĩa Việt Nam là thành viên hoặc theo tập ",hieu luc cua bo luat hinh su doi voi nhung hanh vi pham toi tren lanh tho nuoc cong hoa xa hoi chu nghia viet nam
concept_article_6,Hiệu lực của Bộ luật hình sự đối với những hành vi phạm tội ở ngoài lãnh thổ nước Cộng hòa xã hội chủ nghĩa Việt Nam,general_rule,article_6,6,"1. Công dân Việt Nam hoặc pháp nhân thương mại Việt Nam có hành vi phạm tội ở ngoài lãnh thổ nước Cộng hòa xã hội chủ nghĩa Việt Nam mà Bộ luật này quy định là tội phạm, thì có thể bị truy cứu trách nhiệm hình sự tại Việt Nam theo quy định của Bộ luật này. Quy định này cũng được áp dụng đối với người không quốc tịch thường trú ở Việt Nam. 2. Người nước ngoài, pháp nhân thương mại nước ngoài phạm tội ở ngoài lãnh thổ nước Cộng hòa xã hội chủ nghĩa Việt Nam có thể bị truy cứu trách nhiệm hình sự theo quy định của Bộ luật này trong trường hợp hành vi phạm tội xâm hại quyền, lợi ích hợp pháp của c",hieu luc cua bo luat hinh su doi voi nhung hanh vi pham toi o ngoai lanh tho nuoc cong hoa xa hoi chu nghia viet nam
concept_article_7,Hiệu lực của Bộ luật hình sự về thời gian,general_rule,article_7,7,"1. Điều luật được áp dụng đối với một hành vi phạm tội là điều luật đang có hiệu lực thi hành tại thời điểm mà hành vi phạm tội được thực hiện. 2. Điều luật quy định một tội phạm mới, một hình phạt nặng hơn, một tình tiết tăng nặng mới hoặc hạn chế phạm vi áp dụng án treo, miễn trách nhiệm hình sự, loại trừ trách nhiệm hình sự, miễn hình phạt, giảm hình phạt, xóa án tích và quy định khác không có lợi cho người phạm tội, thì không được áp dụng đối với hành vi phạm tội đã thực hiện trước khi điều luật đó có hiệu lực thi hành. 3. Điều luật xóa bỏ một tội phạm, một hình phạt, một tình tiết tăng nặ",hieu luc cua bo luat hinh su ve thoi gian
concept_article_8,Khái niệm tội phạm,general_rule,article_8,8,"1. Tội phạm là hành vi nguy hiểm cho xã hội được quy định trong Bộ luật hình sự, do người có năng lực trách nhiệm hình sự hoặc pháp nhân thương mại thực hiện một cách cố ý hoặc vô ý, xâm phạm độc lập, chủ quyền, thống nhất, toàn vẹn lãnh thổ Tổ quốc, xâm phạm chế độ chính trị, chế độ kinh tế, nền văn hóa, quốc phòng, an ninh, trật tự, an toàn xã hội, quyền, lợi ích hợp pháp của tổ chức, xâm phạm quyền con người, quyền, lợi ích hợp pháp của công dân, xâm phạm những lĩnh vực khác của trật tự pháp luật xã hội chủ nghĩa mà theo quy định của Bộ luật này phải bị xử lý hình sự. 2. Những hành vi tuy c",khai niem toi pham
concept_article_9,Phân loại tội phạm,general_rule,article_9,9,"1. Căn cứ vào tính chất và mức độ nguy hiểm cho xã hội của hành vi phạm tội được quy định trong Bộ luật này, tội phạm được phân thành 04 loại sau đây: a) Tội phạm ít nghiêm trọng là tội phạm có tính chất và mức độ nguy hiểm cho xã hội không lớn mà mức cao nhất của khung hình phạt do Bộ luật này quy định đối với tội ấy là phạt tiền, phạt cải tạo không giam giữ hoặc phạt tù đến 03 năm; b) Tội phạm nghiêm trọng là tội phạm có tính chất và mức độ nguy hiểm cho xã hội lớn mà mức cao nhất của khung hình phạt do Bộ luật này quy định đối với tội ấy là từ trên 03 năm tù đến 07 năm tù; c) Tội phạm rất n",phan loai toi pham
concept_article_10,Cố ý phạm tội,fault,article_10,10,"Cố ý phạm tội là phạm tội trong những trường hợp sau đây: 1. Người phạm tội nhận thức rõ hành vi của mình là nguy hiểm cho xã hội, thấy trước hậu quả của hành vi đó và mong muốn hậu quả xảy ra; 2. Người phạm tội nhận thức rõ hành vi của mình là nguy hiểm cho xã hội, thấy trước hậu quả của hành vi đó có thể xảy ra, tuy không mong muốn nhưng vẫn có ý thức để mặc cho hậu quả xảy ra.",co y pham toi
concept_article_11,Vô ý phạm tội,fault,article_11,11,"Vô ý phạm tội là phạm tội trong những trường hợp sau đây: 1. Người phạm tội tuy thấy trước hành vi của mình có thể gây ra hậu quả nguy hại cho xã hội nhưng cho rằng hậu quả đó sẽ không xảy ra hoặc có thể ngăn ngừa được. 2. Người phạm tội không thấy trước hành vi của mình có thể gây ra hậu quả nguy hại cho xã hội, mặc dù phải thấy trước và có thể thấy trước hậu quả đó.",vo y pham toi
concept_article_12,Tuổi chịu trách nhiệm hình sự,age_responsibility,article_12,12,"1. Người từ đủ 16 tuổi trở lên phải chịu trách nhiệm hình sự về mọi tội phạm, trừ những tội phạm mà Bộ luật này có quy định khác. 2. Người từ đủ 14 tuổi đến dưới 16 tuổi phải chịu trách nhiệm hình sự về tội phạm rất nghiêm trọng, tội phạm đặc biệt nghiêm trọng quy định tại một trong các điều 123, 134, 141, 142, 143, 144, 150, 151, 168, 169, 170, 171, 173, 178, 248, 249, 250, 251, 252, 265, 266, 286, 287, 289, 290, 299, 303 và 304 của Bộ luật này.",tuoi chiu trach nhiem hinh su
concept_article_13,"Phạm tội do dùng rượu, bia hoặc chất kích thích mạnh khác",general_rule,article_13,13,"Người phạm tội trong tình trạng mất khả năng nhận thức hoặc khả năng điều khiển hành vi của mình do dùng rượu, bia hoặc chất kích thích mạnh khác, thì vẫn phải chịu trách nhiệm hình sự.",pham toi do dung ruou bia hoac chat kich thich manh khac
concept_article_14,Chuẩn bị phạm tội,preparation,article_14,14,"1. Chuẩn bị phạm tội là tìm kiếm, sửa soạn công cụ, phương tiện hoặc tạo ra những điều kiện khác để thực hiện tội phạm hoặc thành lập, tham gia nhóm tội phạm, trừ trường hợp thành lập hoặc tham gia nhóm tội phạm quy định tại Điều 109, điểm a khoản 2 Điều 113 hoặc điểm a khoản 2 Điều 299 của Bộ luật này. 2. Người chuẩn bị phạm tội quy định tại một trong các điều 108, 109, 110, 111, 112, 113, 114, 115, 116, 117, 118, 119, 120, 121, 123, 134, 168, 169, 207, 299, 300, 301, 302, 303 và 324 của Bộ luật này thì phải chịu trách nhiệm hình sự. 3. Người từ đủ 14 tuổi đến dưới 16 tuổi chuẩn bị phạm tội q",chuan bi pham toi
concept_article_15,Phạm tội chưa đạt,attempt,article_15,15,Phạm tội chưa đạt là cố ý thực hiện tội phạm nhưng không thực hiện được đến cùng vì những nguyên nhân ngoài ý muốn của người phạm tội. Người phạm tội chưa đạt phải chịu trách nhiệm hình sự về tội phạm chưa đạt.,pham toi chua dat
concept_article_16,Tự ý nửa chừng chấm dứt việc phạm tội,general_rule,article_16,16,"Tự ý nửa chừng chấm dứt việc phạm tội là tự mình không thực hiện tội phạm đến cùng, tuy không có gì ngăn cản. Người tự ý nửa chừng chấm dứt việc phạm tội được miễn trách nhiệm hình sự về tội định phạm; nếu hành vi thực tế đã thực hiện có đủ yếu tố cấu thành của một tội khác, thì người đó phải chịu trách nhiệm hình sự về tội này.",tu y nua chung cham dut viec pham toi
concept_article_17,Đồng phạm,complicity,article_17,17,"1. Đồng phạm là trường hợp có hai người trở lên cố ý cùng thực hiện một tội phạm. 2. Phạm tội có tổ chức là hình thức đồng phạm có sự câu kết chặt chẽ giữa những người cùng thực hiện tội phạm. 3. Người đồng phạm bao gồm người tổ chức, người thực hành, người xúi giục, người giúp sức. Người thực hành là người trực tiếp thực hiện tội phạm. Người tổ chức là người chủ mưu, cầm đầu, chỉ huy việc thực hiện tội phạm. Người xúi giục là người kích động, dụ dỗ, thúc đẩy người khác thực hiện tội phạm. Người giúp sức là người tạo điều kiện tinh thần hoặc vật chất cho việc thực hiện tội phạm. 4. Người đồng ",dong pham
concept_article_18,Che giấu tội phạm,general_rule,article_18,18,"1. Người nào không hứa hẹn trước, nhưng sau khi biết tội phạm được thực hiện đã che giấu người phạm tội, dấu vết, tang vật của tội phạm hoặc có hành vi khác cản trở việc phát hiện, điều tra, xử lý người phạm tội, thì phải chịu trách nhiệm hình sự về tội che giấu tội phạm trong những trường hợp mà Bộ luật này quy định. 2. Người che giấu tội phạm là ông, bà, cha, mẹ, con, cháu, anh chị em ruột, vợ hoặc chồng của người phạm tội không phải chịu trách nhiệm hình sự theo quy định tại khoản 1 Điều này, trừ trường hợp che giấu các tội xâm phạm an ninh quốc gia hoặc tội đặc biệt nghiêm trọng khác quy đ",che giau toi pham
concept_article_19,Không tố giác tội phạm,general_rule,article_19,19,"1. Người nào biết rõ tội phạm đang được chuẩn bị, đang được thực hiện hoặc đã được thực hiện mà không tố giác, thì phải chịu trách nhiệm hình sự về tội không tố giác tội phạm quy định tại Điều 390 của Bộ luật này. 2. Người không tố giác là ông, bà, cha, mẹ, con, cháu, anh chị em ruột, vợ hoặc chồng của người phạm tội không phải chịu trách nhiệm hình sự theo quy định tại khoản 1 Điều này, trừ trường hợp không tố giác các tội quy định tại Chương XIII của Bộ luật này hoặc tội khác là tội phạm đặc biệt nghiêm trọng. 3. Người không tố giác là người bào chữa không phải chịu trách nhiệm hình sự theo ",khong to giac toi pham
concept_article_20,Sự kiện bất ngờ,exemption,article_20,20,"Người thực hiện hành vi gây hậu quả nguy hại cho xã hội trong trường hợp không thể thấy trước hoặc không buộc phải thấy trước hậu quả của hành vi đó, thì không phải chịu trách nhiệm hình sự.",su kien bat ngo
concept_article_21,Tình trạng không có năng lực trách nhiệm hình sự,exemption,article_21,21,"Người thực hiện hành vi nguy hiểm cho xã hội trong khi đang mắc bệnh tâm thần, một bệnh khác làm mất khả năng nhận thức hoặc khả năng điều khiển hành vi của mình, thì không phải chịu trách nhiệm hình sự.",tinh trang khong co nang luc trach nhiem hinh su
concept_article_22,Phòng vệ chính đáng,exemption,article_22,22,"1. Phòng vệ chính đáng là hành vi của người vì bảo vệ quyền hoặc lợi ích chính đáng của mình, của người khác hoặc lợi ích của Nhà nước, của cơ quan, tổ chức mà chống trả lại một cách cần thiết người đang có hành vi xâm phạm các lợi ích nói trên. Phòng vệ chính đáng không phải là tội phạm. 2. Vượt quá giới hạn phòng vệ chính đáng là hành vi chống trả rõ ràng quá mức cần thiết, không phù hợp với tính chất và mức độ nguy hiểm cho xã hội của hành vi xâm hại. Người có hành vi vượt quá giới hạn phòng vệ chính đáng phải chịu trách nhiệm hình sự theo quy định của Bộ luật này.",phong ve chinh dang
concept_article_23,Tình thế cấp thiết,exemption,article_23,23,"1. Tình thế cấp thiết là tình thế của người vì muốn tránh gây thiệt hại cho quyền, lợi ích hợp pháp của mình, của người khác hoặc lợi ích của Nhà nước, của cơ quan, tổ chức mà không còn cách nào khác là phải gây một thiệt hại nhỏ hơn thiệt hại cần ngăn ngừa. Hành vi gây thiệt hại trong tình thế cấp thiết không phải là tội phạm. 2. Trong trường hợp thiệt hại gây ra rõ ràng vượt quá yêu cầu của tình thế cấp thiết, thì người gây thiệt hại đó phải chịu trách nhiệm hình sự.",tinh the cap thiet
concept_article_24,Gây thiệt hại trong khi bắt giữ người phạm tội,exemption,article_24,24,"1. Hành vi của người để bắt giữ người thực hiện hành vi phạm tội mà không còn cách nào khác là buộc phải sử dụng vũ lực cần thiết gây thiệt hại cho người bị bắt giữ thì không phải là tội phạm. 2. Trường hợp gây thiệt hại do sử dụng vũ lực rõ ràng vượt quá mức cần thiết, thì người gây thiệt hại phải chịu trách nhiệm hình sự.",gay thiet hai trong khi bat giu nguoi pham toi
concept_article_25,"Rủi ro trong nghiên cứu, thử nghiệm, áp dụng tiến bộ khoa học, kỹ thuật và công nghệ",exemption,article_25,25,"Hành vi gây ra thiệt hại trong khi thực hiện việc nghiên cứu, thử nghiệm, áp dụng tiến bộ khoa học, kỹ thuật và công nghệ mới mặc dù đã tuân thủ đúng quy trình, quy phạm, áp dụng đầy đủ biện pháp phòng ngừa thì không phải là tội phạm. Người nào không áp dụng đúng quy trình, quy phạm, không áp dụng đầy đủ biện pháp phòng ngừa mà gây thiệt hại thì vẫn phải chịu trách nhiệm hình sự.",rui ro trong nghien cuu thu nghiem ap dung tien bo khoa hoc ky thuat va cong nghe
concept_article_26,Thi hành mệnh lệnh của người chỉ huy hoặc của cấp trên,exemption,article_26,26,"Người thực hiện hành vi gây thiệt hại trong khi thi hành mệnh lệnh của người chỉ huy hoặc của cấp trên trong lực lượng vũ trang nhân dân để thực hiện nhiệm vụ quốc phòng, an ninh nếu đã thực hiện đầy đủ quy trình báo cáo người ra mệnh lệnh nhưng người ra mệnh lệnh vẫn yêu cầu chấp hành mệnh lệnh đó, thì không phải chịu trách nhiệm hình sự. Trong trường hợp này người ra mệnh lệnh phải chịu trách nhiệm hình sự. Quy định này không áp dụng đối với các trường hợp quy định tại khoản 2 Điều 421, khoản 2 Điều 422 và khoản 2 Điều 423 của Bộ luật này.",thi hanh menh lenh cua nguoi chi huy hoac cua cap tren
concept_article_27,Thời hiệu truy cứu trách nhiệm hình sự,criminal_responsibility_exemption_or_limitation,article_27,27,"1. Thời hiệu truy cứu trách nhiệm hình sự là thời hạn do Bộ luật này quy định mà khi hết thời hạn đó thì người phạm tội không bị truy cứu trách nhiệm hình sự. 2. Thời hiệu truy cứu trách nhiệm hình sự được quy định như sau: a) 05 năm đối với tội phạm ít nghiêm trọng; b) 10 năm đối với tội phạm nghiêm trọng; c) 15 năm đối với tội phạm rất nghiêm trọng; d) 20 năm đối với tội phạm đặc biệt nghiêm trọng. 3. Thời hiệu truy cứu trách nhiệm hình sự được tính từ ngày tội phạm được thực hiện. Nếu trong thời hạn quy định tại khoản 2 Điều này, người phạm tội lại thực hiện hành vi phạm tội mới mà Bộ luật ",thoi hieu truy cuu trach nhiem hinh su
concept_article_28,Không áp dụng thời hiệu truy cứu trách nhiệm hình sự,criminal_responsibility_exemption_or_limitation,article_28,28,"Không áp dụng thời hiệu truy cứu trách nhiệm hình sự quy định tại Điều 27 của Bộ luật này đối với các tội phạm sau đây: 1. Các tội xâm phạm an ninh quốc gia quy định tại Chương XIII của Bộ luật này; 2. Các tội phá hoại hòa bình, chống loài người và tội phạm chiến tranh quy định tại Chương XXVI của Bộ luật này; 3. Tội tham ô tài sản thuộc trường hợp quy định tại khoản 3 và khoản 4 Điều 353 của Bộ luật này; tội nhận hối lộ thuộc trường hợp quy định tại khoản 3 và khoản 4 Điều 354 của Bộ luật này.",khong ap dung thoi hieu truy cuu trach nhiem hinh su
concept_article_29,Căn cứ miễn trách nhiệm hình sự,criminal_responsibility_exemption_or_limitation,article_29,29,"1. Người phạm tội được miễn trách nhiệm hình sự khi có một trong những căn cứ sau đây: a) Khi tiến hành điều tra, truy tố hoặc xét xử, do có sự thay đổi chính sách, pháp luật làm cho hành vi phạm tội không còn nguy hiểm cho xã hội nữa; b) Khi có quyết định đại xá. 2. Người phạm tội có thể được miễn trách nhiệm hình sự khi có một trong các căn cứ sau đây: a) Khi tiến hành điều tra, truy tố, xét xử do chuyển biến của tình hình mà người phạm tội không còn nguy hiểm cho xã hội nữa; b) Khi tiến hành điều tra, truy tố, xét xử, người phạm tội mắc bệnh hiểm nghèo dẫn đến không còn khả năng gây nguy hi",can cu mien trach nhiem hinh su
concept_article_30,Khái niệm hình phạt,penalty_or_judicial_measure,article_30,30,"Hình phạt là biện pháp cưỡng chế nghiêm khắc nhất của Nhà nước được quy định trong Bộ luật này, do Tòa án quyết định áp dụng đối với người hoặc pháp nhân thương mại phạm tội nhằm tước bỏ hoặc hạn chế quyền, lợi ích của người, pháp nhân thương mại đó.",khai niem hinh phat
concept_article_31,Mục đích của hình phạt,penalty_or_judicial_measure,article_31,31,"Hình phạt không chỉ nhằm trừng trị người, pháp nhân thương mại phạm tội mà còn giáo dục họ ý thức tuân theo pháp luật và các quy tắc của cuộc sống, ngăn ngừa họ phạm tội mới; giáo dục người, pháp nhân thương mại khác tôn trọng pháp luật, phòng ngừa và đấu tranh chống tội phạm.",muc dich cua hinh phat
concept_article_32,Các hình phạt đối với người phạm tội,penalty_or_judicial_measure,article_32,32,"1. Hình phạt chính bao gồm: a) Cảnh cáo; b) Phạt tiền; c) Cải tạo không giam giữ; d) Trục xuất; đ) Tù có thời hạn; e) Tù chung thân; g) Tử hình. 2. Hình phạt bổ sung bao gồm: a) Cấm đảm nhiệm chức vụ, cấm hành nghề hoặc làm công việc nhất định; b) Cấm cư trú; c) Quản chế; d) Tước một số quyền công dân; đ) Tịch thu tài sản; e) Phạt tiền, khi không áp dụng là hình phạt chính; g) Trục xuất, khi không áp dụng là hình phạt chính. 3. Đối với mỗi tội phạm, người phạm tội chỉ bị áp dụng một hình phạt chính và có thể bị áp dụng một hoặc một số hình phạt bổ sung.",cac hinh phat doi voi nguoi pham toi
concept_article_33,Các hình phạt đối với pháp nhân thương mại phạm tội,penalty_or_judicial_measure,article_33,33,"1. Hình phạt chính bao gồm: a) Phạt tiền; b) Đình chỉ hoạt động có thời hạn; c) Đình chỉ hoạt động vĩnh viễn. 2. Hình phạt bổ sung bao gồm: a) Cấm kinh doanh, cấm hoạt động trong một số lĩnh vực nhất định; b) Cấm huy động vốn; c) Phạt tiền, khi không áp dụng là hình phạt chính. 3. Đối với mỗi tội phạm, pháp nhân thương mại phạm tội chỉ bị áp dụng một hình phạt chính và có thể bị áp dụng một hoặc một số hình phạt bổ sung.",cac hinh phat doi voi phap nhan thuong mai pham toi
concept_article_34,Cảnh cáo,penalty_or_judicial_measure,article_34,34,"Cảnh cáo được áp dụng đối với người phạm tội ít nghiêm trọng và có nhiều tình tiết giảm nhẹ, nhưng chưa đến mức miễn hình phạt.",canh cao
concept_article_35,Phạt tiền,penalty_or_judicial_measure,article_35,35,"1. Phạt tiền được áp dụng là hình phạt chính đối với các trường hợp sau đây: a) Người phạm tội ít nghiêm trọng, phạm tội nghiêm trọng do Bộ luật này quy định; b) Người phạm tội rất nghiêm trọng xâm phạm trật tự quản lý kinh tế, môi trường, trật tự công cộng, an toàn công cộng và một số tội phạm khác do Bộ luật này quy định. 2. Hình phạt tiền được áp dụng là hình phạt bổ sung đối với người phạm tội về tham nhũng, ma túy hoặc những tội phạm khác do Bộ luật này quy định. 3. Mức tiền phạt được quyết định căn cứ vào tính chất và mức độ nguy hiểm của tội phạm, đồng thời có xét đến tình hình tài sản ",phat tien
concept_article_36,Cải tạo không giam giữ,penalty_or_judicial_measure,article_36,36,"1. Cải tạo không giam giữ được áp dụng từ 06 tháng đến 03 năm đối với người phạm tội ít nghiêm trọng, phạm tội nghiêm trọng do Bộ luật này quy định mà đang có nơi làm việc ổn định hoặc có nơi cư trú rõ ràng nếu xét thấy không cần thiết phải cách ly người phạm tội khỏi xã hội. Nếu người bị kết án đã bị tạm giữ, tạm giam thì thời gian tạm giữ, tạm giam được trừ vào thời gian chấp hành hình phạt cải tạo không giam giữ, cứ 01 ngày tạm giữ, tạm giam bằng 03 ngày cải tạo không giam giữ. 2. Tòa án giao người bị phạt cải tạo không giam giữ cho cơ quan, tổ chức nơi người đó làm việc, học tập hoặc Ủy ba",cai tao khong giam giu
concept_article_37,Trục xuất,penalty_or_judicial_measure,article_37,37,Trục xuất là buộc người nước ngoài bị kết án phải rời khỏi lãnh thổ nước Cộng hòa xã hội chủ nghĩa Việt Nam. Trục xuất được Tòa án áp dụng là hình phạt chính hoặc hình phạt bổ sung trong từng trường hợp cụ thể.,truc xuat
concept_article_38,Tù có thời hạn,penalty_or_judicial_measure,article_38,38,"1. Tù có thời hạn là buộc người bị kết án phải chấp hành hình phạt tại cơ sở giam giữ trong một thời hạn nhất định. Tù có thời hạn đối với người phạm một tội có mức tối thiểu là 03 tháng và mức tối đa là 20 năm. Thời gian tạm giữ, tạm giam được trừ vào thời hạn chấp hành hình phạt tù, cứ 01 ngày tạm giữ, tạm giam bằng 01 ngày tù. 2. Không áp dụng hình phạt tù có thời hạn đối với người lần đầu phạm tội ít nghiêm trọng do vô ý và có nơi cư trú rõ ràng.",tu co thoi han
concept_article_39,Tù chung thân,penalty_or_judicial_measure,article_39,39,"Tù chung thân là hình phạt tù không thời hạn được áp dụng đối với người phạm tội đặc biệt nghiêm trọng, nhưng chưa đến mức bị xử phạt tử hình. Không áp dụng hình phạt tù chung thân đối với người dưới 18 tuổi phạm tội.",tu chung than
concept_article_40,Tử hình,penalty_or_judicial_measure,article_40,40,"1. Tử hình là hình phạt đặc biệt chỉ áp dụng đối với người phạm tội đặc biệt nghiêm trọng thuộc một trong nhóm các tội xâm phạm an ninh quốc gia, xâm phạm tính mạng con người, các tội phạm về ma túy, tham nhũng và một số tội phạm đặc biệt nghiêm trọng khác do Bộ luật này quy định. 2. Không áp dụng hình phạt tử hình đối với người dưới 18 tuổi khi phạm tội, phụ nữ có thai, phụ nữ đang nuôi con dưới 36 tháng tuổi hoặc người đủ 75 tuổi trở lên khi phạm tội hoặc khi xét xử. 3. Không thi hành án tử hình đối với người bị kết án nếu thuộc một trong các trường hợp sau đây: a) Phụ nữ có thai hoặc phụ nữ",tu hinh
concept_article_41,"Cấm đảm nhiệm chức vụ, cấm hành nghề hoặc làm công việc nhất định",penalty_or_judicial_measure,article_41,41,"Cấm đảm nhiệm chức vụ, cấm hành nghề hoặc làm công việc nhất định được áp dụng khi xét thấy nếu để người bị kết án đảm nhiệm chức vụ, hành nghề hoặc làm công việc đó thì có thể gây nguy hại cho xã hội. Thời hạn cấm là từ 01 năm đến 05 năm, kể từ ngày chấp hành xong hình phạt tù hoặc từ ngày bản án có hiệu lực pháp luật nếu hình phạt chính là cảnh cáo, phạt tiền, cải tạo không giam giữ hoặc trong trường hợp người bị kết án được hưởng án treo.",cam dam nhiem chuc vu cam hanh nghe hoac lam cong viec nhat dinh
concept_article_42,Cấm cư trú,penalty_or_judicial_measure,article_42,42,"Cấm cư trú là buộc người bị kết án phạt tù không được tạm trú hoặc thường trú ở một số địa phương nhất định. Thời hạn cấm cư trú là từ 01 năm đến 05 năm, kể từ ngày chấp hành xong hình phạt tù.",cam cu tru
concept_article_43,Quản chế,penalty_or_judicial_measure,article_43,43,"Quản chế là buộc người bị kết án phạt tù phải cư trú, làm ăn sinh sống và cải tạo ở một địa phương nhất định dưới sự kiểm soát, giáo dục của chính quyền và nhân dân địa phương. Trong thời gian quản chế, người bị kết án không được tự ý ra khỏi nơi cư trú, bị tước một số quyền công dân theo quy định tại Điều 44 của Bộ luật này và bị cấm hành nghề hoặc làm công việc nhất định. Quản chế được áp dụng đối với người phạm tội xâm phạm an ninh quốc gia, người tái phạm nguy hiểm hoặc trong những trường hợp khác do Bộ luật này quy định. Thời hạn quản chế là từ 01 năm đến 05 năm, kể từ ngày chấp hành xong",quan che
concept_article_44,Tước một số quyền công dân,penalty_or_judicial_measure,article_44,44,"1. Công dân Việt Nam bị kết án phạt tù về tội xâm phạm an ninh quốc gia hoặc tội phạm khác trong những trường hợp do Bộ luật này quy định, thì bị tước một hoặc một số quyền công dân sau đây: a) Quyền ứng cử đại biểu cơ quan quyền lực Nhà nước; b) Quyền làm việc trong các cơ quan nhà nước và quyền phục vụ trong lực lượng vũ trang nhân dân. 2. Thời hạn tước một số quyền công dân là từ 01 năm đến 05 năm, kể từ ngày chấp hành xong hình phạt tù hoặc kể từ ngày bản án có hiệu lực pháp luật trong trường hợp người bị kết án được hưởng án treo.",tuoc mot so quyen cong dan
concept_article_45,Tịch thu tài sản,penalty_or_judicial_measure,article_45,45,"Tịch thu tài sản là tước một phần hoặc toàn bộ tài sản thuộc sở hữu của người bị kết án để nộp vào ngân sách nhà nước. Tịch thu tài sản chỉ được áp dụng đối với người bị kết án về tội phạm nghiêm trọng, tội phạm rất nghiêm trọng hoặc tội phạm đặc biệt nghiêm trọng xâm phạm an ninh quốc gia, tội phạm về ma túy, tham nhũng hoặc tội phạm khác do Bộ luật này quy định. Khi tịch thu toàn bộ tài sản vẫn để cho người bị kết án và gia đình họ có điều kiện sinh sống.",tich thu tai san
concept_article_46,Các biện pháp tư pháp,penalty_or_judicial_measure,article_46,46,"1. Biện pháp tư pháp đối với người phạm tội bao gồm: a) Tịch thu vật, tiền trực tiếp liên quan đến tội phạm; b) Trả lại tài sản, sửa chữa hoặc bồi thường thiệt hại; buộc công khai xin lỗi; c) Bắt buộc chữa bệnh. 2. Biện pháp tư pháp đối với pháp nhân thương mại phạm tội bao gồm: a) Tịch thu vật, tiền trực tiếp liên quan đến tội phạm; b) Trả lại tài sản, sửa chữa hoặc bồi thường thiệt hại; buộc công khai xin lỗi; c) Khôi phục lại tình trạng ban đầu; d) Thực hiện một số biện pháp nhằm khắc phục, ngăn chặn hậu quả tiếp tục xảy ra.",cac bien phap tu phap
concept_article_47,"Tịch thu vật, tiền trực tiếp liên quan đến tội phạm",penalty_or_judicial_measure,article_47,47,"1. Việc tịch thu sung vào ngân sách nhà nước hoặc tịch thu tiêu hủy được áp dụng đối với: a) Công cụ, phương tiện dùng vào việc phạm tội; b) Vật hoặc tiền do phạm tội hoặc do mua bán, đổi chác những thứ ấy mà có; khoản thu lợi bất chính từ việc phạm tội; c) Vật thuộc loại Nhà nước cấm tàng trữ, cấm lưu hành. 2. Đối với vật, tiền bị người phạm tội chiếm đoạt hoặc sử dụng trái phép, thì không tịch thu mà trả lại cho chủ sở hữu hoặc người quản lý hợp pháp. 3. Vật, tiền là tài sản của người khác, nếu người này có lỗi trong việc để cho người phạm tội sử dụng vào việc thực hiện tội phạm, thì có thể ",tich thu vat tien truc tiep lien quan den toi pham
concept_article_48,"Trả lại tài sản, sửa chữa hoặc bồi thường thiệt hại; buộc công khai xin lỗi",penalty_or_judicial_measure,article_48,48,"1. Người phạm tội phải trả lại tài sản đã chiếm đoạt cho chủ sở hữu hoặc người quản lý hợp pháp, phải sửa chữa hoặc bồi thường thiệt hại vật chất đã được xác định do hành vi phạm tội gây ra. 2. Trong trường hợp phạm tội gây thiệt hại về tinh thần, Tòa án buộc người phạm tội phải bồi thường về vật chất, công khai xin lỗi người bị hại.",tra lai tai san sua chua hoac boi thuong thiet hai buoc cong khai xin loi
concept_article_49,Bắt buộc chữa bệnh,penalty_or_judicial_measure,article_49,49,"1. Đối với người thực hiện hành vi nguy hiểm cho xã hội trong khi mắc bệnh quy định tại Điều 21 của Bộ luật này, Viện kiểm sát hoặc Tòa án căn cứ vào kết luận giám định pháp y, giám định pháp y tâm thần có thể quyết định đưa họ vào một cơ sở khám bệnh, chữa bệnh để bắt buộc chữa bệnh. 2. Đối với người phạm tội trong khi có năng lực trách nhiệm hình sự nhưng trước khi bị kết án đã mắc bệnh tới mức mất khả năng nhận thức hoặc khả năng điều khiển hành vi của mình, thì căn cứ vào kết luận giám định pháp y, giám định pháp y tâm thần, Tòa án có thể quyết định đưa họ vào một cơ sở khám bệnh, chữa bện",bat buoc chua benh
concept_article_50,Căn cứ quyết định hình phạt,sentencing_rule,article_50,50,"1. Khi quyết định hình phạt, Tòa án căn cứ vào quy định của Bộ luật này, cân nhắc tính chất và mức độ nguy hiểm cho xã hội của hành vi phạm tội, nhân thân người phạm tội, các tình tiết giảm nhẹ và tăng nặng trách nhiệm hình sự. 2. Khi quyết định áp dụng hình phạt tiền, ngoài căn cứ quy định tại khoản 1 Điều này, Tòa án căn cứ vào tình hình tài sản, khả năng thi hành của người phạm tội.",can cu quyet dinh hinh phat
concept_article_51,Các tình tiết giảm nhẹ trách nhiệm hình sự,sentencing_rule,article_51,51,"1. Các tình tiết sau đây là tình tiết giảm nhẹ trách nhiệm hình sự: a) Người phạm tội đã ngăn chặn hoặc làm giảm bớt tác hại của tội phạm; b) Người phạm tội tự nguyện sửa chữa, bồi thường thiệt hại hoặc khắc phục hậu quả; c) Phạm tội trong trường hợp vượt quá giới hạn phòng vệ chính đáng; d) Phạm tội trong trường hợp vượt quá yêu cầu của tình thế cấp thiết; đ) Phạm tội trong trường hợp vượt quá mức cần thiết khi bắt giữ người phạm tội; e) Phạm tội trong trường hợp bị kích động về tinh thần do hành vi trái pháp luật của nạn nhân gây ra; g) Phạm tội vì hoàn cảnh đặc biệt khó khăn mà không phải d",cac tinh tiet giam nhe trach nhiem hinh su
concept_article_52,Các tình tiết tăng nặng trách nhiệm hình sự,sentencing_rule,article_52,52,"1. Chỉ các tình tiết sau đây mới là tình tiết tăng nặng trách nhiệm hình sự: a) Phạm tội có tổ chức; b) Phạm tội có tính chất chuyên nghiệp; c) Lợi dụng chức vụ, quyền hạn để phạm tội; d) Phạm tội có tính chất côn đồ; đ) Phạm tội vì động cơ đê hèn; e) Cố tình thực hiện tội phạm đến cùng; g) Phạm tội 02 lần trở lên; h) Tái phạm hoặc tái phạm nguy hiểm; i) Phạm tội đối với người dưới 16 tuổi, phụ nữ có thai hoặc người đủ 70 tuổi trở lên; k) Phạm tội đối với người ở trong tình trạng không thể tự vệ được, người khuyết tật nặng hoặc khuyết tật đặc biệt nặng, người bị hạn chế khả năng nhận thức hoặc",cac tinh tiet tang nang trach nhiem hinh su
concept_article_53,"Tái phạm, tái phạm nguy hiểm",sentencing_rule,article_53,53,"1. Tái phạm là trường hợp đã bị kết án, chưa được xóa án tích mà lại thực hiện hành vi phạm tội do cố ý hoặc thực hiện hành vi phạm tội về tội phạm rất nghiêm trọng, tội phạm đặc biệt nghiêm trọng do vô ý. 2. Những trường hợp sau đây được coi là tái phạm nguy hiểm: a) Đã bị kết án về tội phạm rất nghiêm trọng, tội phạm đặc biệt nghiêm trọng do cố ý, chưa được xóa án tích mà lại thực hiện hành vi phạm tội về tội phạm rất nghiêm trọng, tội phạm đặc biệt nghiêm trọng do cố ý; b) Đã tái phạm, chưa được xóa án tích mà lại thực hiện hành vi phạm tội do cố ý.",tai pham tai pham nguy hiem
concept_article_54,Quyết định hình phạt dưới mức thấp nhất của khung hình phạt được áp dụng,sentencing_rule,article_54,54,1. Tòa án có thể quyết định một hình phạt dưới mức thấp nhất của khung hình phạt được áp dụng nhưng phải trong khung hình phạt liền kề nhẹ hơn của điều luật khi người phạm tội có ít nhất hai tình tiết giảm nhẹ quy định tại khoản 1 Điều 51 của Bộ luật này. 2. Tòa án có thể quyết định một hình phạt dưới mức thấp nhất của khung hình phạt được áp dụng nhưng không bắt buộc phải trong khung hình phạt liền kề nhẹ hơn của điều luật đối với người phạm tội lần đầu là người giúp sức trong vụ án đồng phạm nhưng có vai trò không đáng kể. 3. Trong trường hợp có đủ các điều kiện quy định tại khoản 1 hoặc kho,quyet dinh hinh phat duoi muc thap nhat cua khung hinh phat duoc ap dung
concept_article_55,Quyết định hình phạt trong trường hợp phạm nhiều tội,sentencing_rule,article_55,55,"Khi xét xử cùng 01 lần một người phạm nhiều tội, Tòa án quyết định hình phạt đối với từng tội và tổng hợp hình phạt theo quy định sau đây: 1. Đối với hình phạt chính: a) Nếu các hình phạt đã tuyên cùng là cải tạo không giam giữ hoặc cùng là tù có thời hạn, thì các hình phạt đó được cộng lại thành hình phạt chung; hình phạt chung không được vượt quá 03 năm đối với hình phạt cải tạo không giam giữ, 30 năm đối với hình phạt tù có thời hạn; b) Nếu các hình phạt đã tuyên là cải tạo không giam giữ, tù có thời hạn, thì hình phạt cải tạo không giam giữ được chuyển đổi thành hình phạt tù theo tỷ lệ cứ ",quyet dinh hinh phat trong truong hop pham nhieu toi
concept_article_56,Tổng hợp hình phạt của nhiều bản án,sentencing_rule,article_56,56,"1. Trong trường hợp một người đang phải chấp hành một bản án mà lại bị xét xử về tội đã phạm trước khi có bản án này, thì Tòa án quyết định hình phạt đối với tội đang bị xét xử, sau đó quyết định hình phạt chung theo quy định tại Điều 55 của Bộ luật này. Thời gian đã chấp hành hình phạt của bản án trước được trừ vào thời hạn chấp hành hình phạt chung. 2. Khi xét xử một người đang phải chấp hành một bản án mà lại thực hiện hành vi phạm tội mới, Tòa án quyết định hình phạt đối với tội mới, sau đó tổng hợp với phần hình phạt chưa chấp hành của bản án trước rồi quyết định hình phạt chung theo quy ",tong hop hinh phat cua nhieu ban an
concept_article_57,"Quyết định hình phạt trong trường hợp chuẩn bị phạm tội, phạm tội chưa đạt",preparation,article_57,57,"1. Đối với hành vi chuẩn bị phạm tội và hành vi phạm tội chưa đạt, hình phạt được quyết định theo các điều của Bộ luật này về các tội phạm tương ứng tùy theo tính chất, mức độ nguy hiểm cho xã hội của hành vi, mức độ thực hiện ý định phạm tội và những tình tiết khác khiến cho tội phạm không thực hiện được đến cùng. 2. Đối với trường hợp chuẩn bị phạm tội, hình phạt được quyết định trong phạm vi khung hình phạt được quy định trong các điều luật cụ thể. 3. Đối với trường hợp phạm tội chưa đạt, nếu điều luật được áp dụng có quy định hình phạt cao nhất là tù chung thân hoặc tử hình thì áp dụng hìn",quyet dinh hinh phat trong truong hop chuan bi pham toi pham toi chua dat
concept_article_58,Quyết định hình phạt trong trường hợp đồng phạm,complicity,article_58,58,"Khi quyết định hình phạt đối với những người đồng phạm, Tòa án phải xét đến tính chất của đồng phạm, tính chất và mức độ tham gia phạm tội của từng người đồng phạm. Các tình tiết giảm nhẹ, tăng nặng hoặc loại trừ trách nhiệm hình sự thuộc người đồng phạm nào, thì chỉ áp dụng đối với người đó.",quyet dinh hinh phat trong truong hop dong pham
concept_article_59,Miễn hình phạt,sentencing_rule,article_59,59,Người phạm tội có thể được miễn hình phạt nếu thuộc trường hợp quy định tại khoản 1 và khoản 2 Điều 54 của Bộ luật này mà đáng được khoan hồng đặc biệt nhưng chưa đến mức được miễn trách nhiệm hình sự.,mien hinh phat
concept_article_60,Thời hiệu thi hành bản án,general_rule,article_60,60,"1. Thời hiệu thi hành bản án hình sự là thời hạn do Bộ luật này quy định mà khi hết thời hạn đó người bị kết án, pháp nhân thương mại bị kết án không phải chấp hành bản án đã tuyên. 2. Thời hiệu thi hành bản án hình sự đối với người bị kết án được quy định như sau: a) 05 năm đối với các trường hợp xử phạt tiền, cải tạo không giam giữ hoặc xử phạt tù từ 03 năm trở xuống; b) 10 năm đối với các trường hợp xử phạt tù từ trên 03 năm đến 15 năm; c) 15 năm đối với các trường hợp xử phạt tù từ trên 15 năm đến 30 năm; d) 20 năm đối với các trường hợp xử phạt tù chung thân hoặc tử hình. 3. Thời hiệu thi",thoi hieu thi hanh ban an
concept_article_61,Không áp dụng thời hiệu thi hành bản án,general_rule,article_61,61,"Không áp dụng thời hiệu thi hành bản án đối với các tội quy định tại Chương XIII, Chương XXVI, khoản 3 và khoản 4 Điều 353, khoản 3 và khoản 4 Điều 354 của Bộ luật này.",khong ap dung thoi hieu thi hanh ban an
concept_article_62,Miễn chấp hành hình phạt,general_rule,article_62,62,"1. Người bị kết án được miễn chấp hành hình phạt khi được đặc xá hoặc đại xá. 2. Người bị kết án cải tạo không giam giữ hoặc tù có thời hạn đến 03 năm chưa chấp hành hình phạt thì theo đề nghị của Viện trưởng Viện kiểm sát, Tòa án có thể quyết định miễn chấp hành hình phạt, nếu thuộc một trong các trường hợp sau đây: a) Sau khi bị kết án đã lập công; b) Mắc bệnh hiểm nghèo; c) Chấp hành tốt pháp luật, có hoàn cảnh gia đình đặc biệt khó khăn và xét thấy người đó không còn nguy hiểm cho xã hội nữa. 3. Người bị kết án phạt tù có thời hạn trên 03 năm, chưa chấp hành hình phạt nếu đã lập công lớn h",mien chap hanh hinh phat
concept_article_63,Giảm mức hình phạt đã tuyên,general_rule,article_63,63,"1. Người bị kết án cải tạo không giam giữ, phạt tù có thời hạn hoặc phạt tù chung thân, nếu đã chấp hành hình phạt được một thời gian nhất định, có nhiều tiến bộ và đã bồi thường được một phần nghĩa vụ dân sự, thì theo đề nghị của cơ quan thi hành án hình sự có thẩm quyền, Tòa án có thể quyết định giảm thời hạn chấp hành hình phạt. Người bị kết án tù chung thân về tội tham ô tài sản, tội nhận hối lộ chỉ có thể được xét giảm thời hạn chấp hành hình phạt khi đã chủ động nộp lại ít nhất ba phần tư tài sản tham ô, nhận hối lộ và đã hợp tác tích cực với cơ quan chức năng trong việc phát hiện, điều ",giam muc hinh phat da tuyen
concept_article_64,Giảm thời hạn chấp hành hình phạt trong trường hợp đặc biệt,general_rule,article_64,64,"Người bị kết án có lý do đáng được khoan hồng thêm như đã lập công, đã quá già yếu hoặc mắc bệnh hiểm nghèo, thì Tòa án có thể xét giảm vào thời gian sớm hơn hoặc với mức cao hơn so với thời gian và mức quy định tại Điều 63 của Bộ luật này.",giam thoi han chap hanh hinh phat trong truong hop dac biet
concept_article_65,Án treo,general_rule,article_65,65,"1. Khi xử phạt tù không quá 03 năm, căn cứ vào nhân thân của người phạm tội và các tình tiết giảm nhẹ, nếu xét thấy không cần phải bắt chấp hành hình phạt tù, thì Tòa án cho hưởng án treo và ấn định thời gian thử thách từ 01 năm đến 05 năm và thực hiện các nghĩa vụ trong thời gian thử thách theo quy định của Luật thi hành án hình sự. 2. Trong thời gian thử thách, Tòa án giao người được hưởng án treo cho cơ quan, tổ chức nơi người đó làm việc hoặc chính quyền địa phương nơi người đó cư trú để giám sát, giáo dục. Gia đình người bị kết án có trách nhiệm phối hợp với cơ quan, tổ chức, chính quyền ",an treo
concept_article_66,Tha tù trước thời hạn có điều kiện,general_rule,article_66,66,"1. Người đang chấp hành án phạt tù về tội phạm nghiêm trọng, tội phạm rất nghiêm trọng hoặc tội phạm đặc biệt nghiêm trọng mà đã được giảm thời hạn chấp hành án phạt tù hoặc người đang chấp hành án phạt tù về tội phạm ít nghiêm trọng có thể được tha tù trước thời hạn khi có đủ các điều kiện sau đây: a) Phạm tội lần đầu; b) Có nhiều tiến bộ, có ý thức cải tạo tốt; c) Có nơi cư trú rõ ràng; d) Đã chấp hành xong hình phạt bổ sung là hình phạt tiền, nghĩa vụ bồi thường thiệt hại và án phí; đ) Đã chấp hành được ít nhất là một phần hai mức phạt tù có thời hạn hoặc ít nhất là 15 năm đối với trường hợ",tha tu truoc thoi han co dieu kien
concept_article_67,Hoãn chấp hành hình phạt tù,general_rule,article_67,67,"1. Người bị xử phạt tù có thể được hoãn chấp hành hình phạt trong các trường hợp sau đây: a) Bị bệnh nặng thì được hoãn cho đến khi sức khỏe được hồi phục; b) Phụ nữ có thai hoặc đang nuôi con dưới 36 tháng tuổi, thì được hoãn cho đến khi con đủ 36 tháng tuổi; c) Là người lao động duy nhất trong gia đình, nếu phải chấp hành hình phạt tù thì gia đình sẽ gặp khó khăn đặc biệt, được hoãn đến 01 năm, trừ trường hợp người đó bị kết án về các tội xâm phạm an ninh quốc gia hoặc các tội khác là tội phạm rất nghiêm trọng, tội phạm đặc biệt nghiêm trọng; d) Bị kết án về tội phạm ít nghiêm trọng, do nhu ",hoan chap hanh hinh phat tu
concept_article_68,Tạm đình chỉ chấp hành hình phạt tù,general_rule,article_68,68,"1. Người đang chấp hành hình phạt tù mà thuộc một trong các trường hợp quy định tại khoản 1 Điều 67 của Bộ luật này, thì có thể được tạm đình chỉ chấp hành hình phạt tù. 2. Thời gian tạm đình chỉ không được tính vào thời gian chấp hành hình phạt tù.",tam dinh chi chap hanh hinh phat tu
concept_article_69,Xóa án tích,general_rule,article_69,69,"1. Người bị kết án được xóa án tích theo quy định tại các điều từ Điều 70 đến Điều 73 của Bộ luật này. Người được xóa án tích coi như chưa bị kết án. 2. Người bị kết án do lỗi vô ý về tội phạm ít nghiêm trọng, tội phạm nghiêm trọng và người được miễn hình phạt không bị coi là có án tích.",xoa an tich
concept_article_70,Đương nhiên được xóa án tích,general_rule,article_70,70,"1. Đương nhiên được xóa án tích được áp dụng đối với người bị kết án không phải về các tội quy định tại Chương XIII và Chương XXVI của Bộ luật này khi họ đã chấp hành xong hình phạt chính, thời gian thử thách án treo hoặc hết thời hiệu thi hành bản án và đáp ứng các điều kiện quy định tại khoản 2 và khoản 3 Điều này. 2. Người bị kết án đương nhiên được xóa án tích, nếu từ khi chấp hành xong hình phạt chính hoặc hết thời gian thử thách án treo, người đó đã chấp hành xong hình phạt bổ sung, các quyết định khác của bản án và không thực hiện hành vi phạm tội mới trong thời hạn sau đây: a) 01 năm t",duong nhien duoc xoa an tich
concept_article_71,Xóa án tích theo quyết định của Tòa án,general_rule,article_71,71,"1. Xóa án tích theo quyết định của Tòa án được áp dụng đối với người bị kết án về một trong các tội quy định tại Chương XIII và Chương XXVI của Bộ luật này. Tòa án quyết định việc xóa án tích đối với người bị kết án căn cứ vào tính chất của tội phạm đã thực hiện, thái độ chấp hành pháp luật, thái độ lao động của người bị kết án và các điều kiện quy định tại khoản 2 Điều này. 2. Người bị kết án được Tòa án quyết định việc xóa án tích, nếu từ khi chấp hành xong hình phạt chính hoặc hết thời gian thử thách án treo, người đó đã chấp hành xong hình phạt bổ sung, các quyết định khác của bản án và kh",xoa an tich theo quyet dinh cua toa an
concept_article_72,Xóa án tích trong trường hợp đặc biệt,general_rule,article_72,72,"Trong trường hợp người bị kết án có những biểu hiện tiến bộ rõ rệt và đã lập công, được cơ quan, tổ chức nơi người đó công tác hoặc chính quyền địa phương nơi người đó cư trú đề nghị, thì Tòa án quyết định việc xóa án tích nếu người đó đã bảo đảm được ít nhất một phần ba thời hạn quy định tại khoản 2 Điều 70 và khoản 2 Điều 71 của Bộ luật này.",xoa an tich trong truong hop dac biet
concept_article_73,Cách tính thời hạn để xóa án tích,general_rule,article_73,73,"1. Thời hạn để xóa án tích quy định tại Điều 70 và Điều 71 của Bộ luật này căn cứ vào hình phạt chính đã tuyên. 2. Người bị kết án chưa được xóa án tích mà thực hiện hành vi phạm tội mới và bị Tòa án kết án bằng bản án có hiệu lực pháp luật thì thời hạn để xóa án tích cũ được tính lại kể từ ngày chấp hành xong hình phạt chính hoặc thời gian thử thách án treo của bản án mới hoặc từ ngày bản án mới hết thời hiệu thi hành. 3. Người bị kết án trong trường hợp phạm nhiều tội mà có tội thuộc trường hợp đương nhiên được xóa án tích, có tội thuộc trường hợp xóa án tích theo quyết định của Tòa án thì c",cach tinh thoi han de xoa an tich
concept_article_74,Áp dụng quy định của Bộ luật hình sự đối với pháp nhân thương mại phạm tội,general_rule,article_74,74,Pháp nhân thương mại phạm tội phải chịu trách nhiệm hình sự theo những quy định của Chương này; theo quy định khác của Phần thứ nhất của Bộ luật này không trái với quy định của Chương này.,ap dung quy dinh cua bo luat hinh su doi voi phap nhan thuong mai pham toi
concept_article_75,Điều kiện chịu trách nhiệm hình sự của pháp nhân thương mại,general_rule,article_75,75,"1. Pháp nhân thương mại chỉ phải chịu trách nhiệm hình sự khi có đủ các điều kiện sau đây: a) Hành vi phạm tội được thực hiện nhân danh pháp nhân thương mại; b) Hành vi phạm tội được thực hiện vì lợi ích của pháp nhân thương mại; c) Hành vi phạm tội được thực hiện có sự chỉ đạo, điều hành hoặc chấp thuận của pháp nhân thương mại; d) Chưa hết thời hiệu truy cứu trách nhiệm hình sự quy định tại khoản 2 và khoản 3 Điều 27 của Bộ luật này. 2. Việc pháp nhân thương mại chịu trách nhiệm hình sự không loại trừ trách nhiệm hình sự của cá nhân.",dieu kien chiu trach nhiem hinh su cua phap nhan thuong mai
concept_article_76,Phạm vi chịu trách nhiệm hình sự của pháp nhân thương mại,general_rule,article_76,76,"Pháp nhân thương mại phải chịu trách nhiệm hình sự về tội phạm quy định tại một trong các điều 188, 189, 190, 191, 192, 193, 194, 195, 196, 200, 203, 209, 210, 211, 213, 216, 217, 225, 226, 227, 232, 234, 235, 237, 238, 239, 242, 243, 244, 245, 246, 300 và 324 của Bộ luật này.”",pham vi chiu trach nhiem hinh su cua phap nhan thuong mai
concept_article_77,Phạt tiền,general_rule,article_77,77,"1. Phạt tiền được áp dụng là hình phạt chính hoặc hình phạt bổ sung đối với pháp nhân thương mại phạm tội. 2. Mức tiền phạt được quyết định căn cứ vào tính chất, mức độ nguy hiểm của tội phạm và có xét đến tình hình tài chính của pháp nhân thương mại phạm tội, sự biến động của giá cả nhưng không được thấp hơn 50.000.000 đồng.",phat tien
concept_article_78,Đình chỉ hoạt động có thời hạn,general_rule,article_78,78,"1. Đình chỉ hoạt động có thời hạn là tạm dừng hoạt động của pháp nhân thương mại trong một hoặc một số lĩnh vực mà pháp nhân thương mại phạm tội gây thiệt hại đến tính mạng, sức khỏe con người, môi trường hoặc an ninh, trật tự, an toàn xã hội và hậu quả gây ra có khả năng khắc phục trên thực tế. 2. Thời hạn đình chỉ hoạt động từ 06 tháng đến 03 năm.",dinh chi hoat dong co thoi han
concept_article_79,Đình chỉ hoạt động vĩnh viễn,general_rule,article_79,79,"1. Đình chỉ hoạt động vĩnh viễn là chấm dứt hoạt động của pháp nhân thương mại trong một hoặc một số lĩnh vực mà pháp nhân thương mại phạm tội gây thiệt hại hoặc có khả năng thực tế gây thiệt hại đến tính mạng của nhiều người, gây sự cố môi trường hoặc gây ảnh hưởng xấu đến an ninh, trật tự, an toàn xã hội và không có khả năng khắc phục hậu quả gây ra. 2. Pháp nhân thương mại được thành lập chỉ để thực hiện tội phạm thì bị đình chỉ vĩnh viễn toàn bộ hoạt động.",dinh chi hoat dong vinh vien
concept_article_80,"Cấm kinh doanh, cấm hoạt động trong một số lĩnh vực nhất định",general_rule,article_80,80,"1. Cấm kinh doanh, cấm hoạt động trong một số lĩnh vực nhất định được áp dụng khi xét thấy nếu để pháp nhân thương mại bị kết án tiếp tục kinh doanh hoặc hoạt động trong lĩnh vực đó, thì có thể gây nguy hại cho tính mạng, sức khỏe của con người hoặc cho xã hội. 2. Tòa án quyết định lĩnh vực cụ thể bị cấm kinh doanh hoặc cấm hoạt động. 3. Thời hạn cấm kinh doanh, cấm hoạt động trong một số lĩnh vực nhất định là từ 01 năm đến 03 năm, kể từ ngày bản án có hiệu lực pháp luật.",cam kinh doanh cam hoat dong trong mot so linh vuc nhat dinh
concept_article_81,Cấm huy động vốn,general_rule,article_81,81,"1. Cấm huy động vốn được áp dụng khi xét thấy nếu để pháp nhân thương mại bị kết án huy động vốn thì có nguy cơ tiếp tục phạm tội. 2. Các hình thức cấm huy động vốn bao gồm: a) Cấm vay vốn của tổ chức tín dụng, chi nhánh ngân hàng nước ngoài hoặc quỹ đầu tư; b) Cấm phát hành, chào bán chứng khoán; c) Cấm huy động vốn khách hàng; d) Cấm liên doanh, liên kết trong và ngoài nước; đ) Cấm hình thành quỹ tín thác bất động sản. 3. Tòa án quyết định áp dụng một hoặc một số hình thức cấm huy động vốn quy định tại khoản 2 Điều này. 4. Thời hạn cấm huy động vốn là từ 01 năm đến 03 năm, kể từ ngày bản án ",cam huy dong von
concept_article_82,Các biện pháp tư pháp áp dụng đối với pháp nhân thương mại phạm tội,general_rule,article_82,82,"1. Tòa án có thể quyết định áp dụng các biện tư pháp sau đây đối với pháp nhân thương mại phạm tội: a) Các biện pháp tư pháp quy định tại Điều 47 và Điều 48 của Bộ luật này; b) Buộc khôi phục lại tình trạng ban đầu; c) Buộc thực hiện một số biện pháp nhằm khắc phục, ngăn chặn hậu quả tiếp tục xảy ra. 2. Tòa án có thể quyết định áp dụng biện pháp tư pháp buộc pháp nhân thương mại phạm tội phải khôi phục lại tình trạng ban đầu đã bị thay đổi do hành vi phạm phạm tội của mình gây ra. 3. Căn cứ vào từng trường hợp phạm tội cụ thể, Tòa án có thể quyết định buộc pháp nhân thương mại phạm tội phải th",cac bien phap tu phap ap dung doi voi phap nhan thuong mai pham toi
concept_article_83,Căn cứ quyết định hình phạt đối với pháp nhân thương mại phạm tội,general_rule,article_83,83,"Khi quyết định hình phạt, Tòa án căn cứ vào quy định của Bộ luật này, cân nhắc tính chất và mức độ nguy hiểm cho xã hội của hành vi phạm tội, việc chấp hành pháp luật của pháp nhân thương mại và các tình tiết giảm nhẹ và tăng nặng trách nhiệm hình sự áp dụng đối với pháp nhân thương mại.",can cu quyet dinh hinh phat doi voi phap nhan thuong mai pham toi
concept_article_84,Các tình tiết giảm nhẹ trách nhiệm hình sự áp dụng đối với pháp nhân thương mại,general_rule,article_84,84,"1. Các tình tiết sau đây là tình tiết giảm nhẹ trách nhiệm hình sự: a) Đã ngăn chặn hoặc làm giảm bớt tác hại của tội phạm; b) Tự nguyện sửa chữa, bồi thường thiệt hại hoặc khắc phục hậu quả; c) Phạm tội nhưng chưa gây thiệt hại hoặc gây thiệt hại không lớn; d) Tích cực hợp tác với cơ quan có trách nhiệm trong việc phát hiện tội phạm hoặc trong quá trình giải quyết vụ án; đ) Có nhiều đóng góp trong việc thực hiện chính sách xã hội. 2. Khi quyết định hình phạt, Tòa án có thể coi các tình tiết khác là tình tiết giảm nhẹ, nhưng phải ghi rõ lý do giảm nhẹ trong bản án. 3. Các tình tiết giảm nhẹ đã",cac tinh tiet giam nhe trach nhiem hinh su ap dung doi voi phap nhan thuong mai
concept_article_85,Các tình tiết tăng nặng trách nhiệm hình sự áp dụng đối với pháp nhân thương mại,general_rule,article_85,85,"1. Chỉ các tình tiết sau đây mới là tình tiết tăng nặng trách nhiệm hình sự: a) Câu kết với pháp nhân thương mại khác để phạm tội; b) Cố ý thực hiện tội phạm đến cùng; c) Phạm tội 02 lần trở lên; d) Tái phạm hoặc tái phạm nguy hiểm; đ) Lợi dụng hoàn cảnh chiến tranh, tình trạng khẩn cấp, thiên tai, dịch bệnh hoặc những khó khăn đặc biệt khác của xã hội để phạm tội; e) Dùng thủ đoạn tinh vi để phạm tội hoặc nhằm trốn tránh, che giấu tội phạm. 2. Các tình tiết đã được Bộ luật này quy định là dấu hiệu định tội hoặc định khung hình phạt thì không được coi là tình tiết tăng nặng.",cac tinh tiet tang nang trach nhiem hinh su ap dung doi voi phap nhan thuong mai
concept_article_86,Quyết định hình phạt trong trường hợp pháp nhân thương mại phạm nhiều tội,general_rule,article_86,86,"Khi xét xử cùng 01 lần pháp nhân thương mại phạm nhiều tội, Tòa án quyết định hình phạt đối với từng tội và tổng hợp hình phạt theo quy định sau đây: 1. Đối với hình phạt chính: a) Nếu các hình phạt đã tuyên cùng là phạt tiền thì các khoản tiền phạt được cộng lại thành hình phạt chung. Hình phạt tiền không tổng hợp với các hình phạt khác; b) Nếu các hình phạt đã tuyên là đình chỉ hoạt động có thời hạn và đình chỉ hoạt động vĩnh viễn trong cùng lĩnh vực hoặc hình phạt đã tuyên cùng là đình chỉ hoạt động vĩnh viễn trong cùng lĩnh vực thì hình phạt chung là đình chỉ hoạt động vĩnh viễn trong lĩnh",quyet dinh hinh phat trong truong hop phap nhan thuong mai pham nhieu toi
concept_article_87,Tổng hợp hình phạt của nhiều bản án,general_rule,article_87,87,"1. Trường hợp pháp nhân thương mại đang chấp hành một bản án mà lại bị xét xử về tội đã phạm trước khi có bản án này, thì Tòa án quyết định hình phạt đối với tội đang bị xét xử, sau đó quyết định hình phạt chung theo quy định tại Điều 86 của Bộ luật này. Thời gian đã chấp hành hình phạt của bản án trước về đình chỉ hoạt động có thời hạn, cấm kinh doanh, cấm hoạt động trong một số lĩnh vực nhất định hoặc cấm huy động vốn được trừ vào thời hạn chấp hành hình phạt chung. 2. Khi xét xử một pháp nhân thương mại đang phải chấp hành một bản án mà lại thực hiện hành vi phạm tội mới, Tòa án quyết định ",tong hop hinh phat cua nhieu ban an
concept_article_88,Miễn hình phạt,general_rule,article_88,88,Pháp nhân thương mại phạm tội có thể được miễn hình phạt khi đã khắc phục toàn bộ hậu quả và đã bồi thường toàn bộ thiệt hại do hành vi phạm tội gây ra.,mien hinh phat
concept_article_89,Xóa án tích,general_rule,article_89,89,"Pháp nhân thương mại bị kết án đương nhiên được xóa án tích nếu trong thời hạn 02 năm kể từ khi chấp hành xong hình phạt chính, hình phạt bổ sung, các quyết định khác của bản án hoặc từ khi hết thời hiệu thi hành bản án mà pháp nhân thương mại không thực hiện hành vi phạm tội mới. NGƯỜI DƯỚI 18 TUỔI PHẠM TỘI",xoa an tich
concept_article_90,Áp dụng Bộ luật hình sự đối với người dưới 18 tuổi phạm tội,age_responsibility,article_90,90,Người từ đủ 14 tuổi đến dưới 18 tuổi phạm tội phải chịu trách nhiệm hình sự theo những quy định của Chương này; theo quy định khác của Phần thứ nhất của Bộ luật này không trái với quy định của Chương này.,ap dung bo luat hinh su doi voi nguoi duoi 18 tuoi pham toi
concept_article_91,Nguyên tắc xử lý đối với người dưới 18 tuổi phạm tội,age_responsibility,article_91,91,"1. Việc xử lý người dưới 18 tuổi phạm tội phải bảo đảm lợi ích tốt nhất của người dưới 18 tuổi và chủ yếu nhằm mục đích giáo dục, giúp đỡ họ sửa chữa sai lầm, phát triển lành mạnh, trở thành công dân có ích cho xã hội. Việc xử lý người dưới 18 tuổi phạm tội phải căn cứ vào độ tuổi, khả năng nhận thức của họ về tính chất nguy hiểm cho xã hội của hành vi phạm tội, nguyên nhân và điều kiện gây ra tội phạm. 2. Người dưới 18 tuổi phạm tội thuộc một trong các trường hợp sau đây và có nhiều tình tiết giảm nhẹ, tự nguyện khắc phục phần lớn hậu quả, nếu không thuộc trường hợp quy định tại Điều 29 của B",nguyen tac xu ly doi voi nguoi duoi 18 tuoi pham toi
concept_article_92,Điều kiện áp dụng,general_rule,article_92,92,"Cơ quan điều tra, Viện kiểm sát hoặc Tòa án chỉ quyết định miễn trách nhiệm hình sự và áp dụng biện pháp khiển trách, hòa giải tại cộng đồng hoặc biện pháp giáo dục tại xã, phường, thị trấn, nếu người dưới 18 tuổi phạm tội hoặc người đại diện hợp pháp của họ đồng ý với việc áp dụng một trong các biện pháp này.",dieu kien ap dung
concept_article_93,Khiển trách,general_rule,article_93,93,"1. Khiển trách được áp dụng đối với người dưới 18 tuổi phạm tội thuộc một trong các trường hợp sau đây nhằm giúp họ nhận thức rõ hành vi phạm tội, hậu quả gây ra đối với cộng đồng, xã hội và nghĩa vụ của họ: a) Người từ đủ 16 tuổi đến dưới 18 tuổi lần đầu phạm tội ít nghiêm trọng thuộc trường hợp quy định tại điểm a khoản 2 Điều 91 của Bộ luật này; b) Người dưới 18 tuổi là người đồng phạm có vai trò không đáng kể trong vụ án. 2. Cơ quan điều tra, Viện kiểm sát hoặc Tòa án quyết định áp dụng biện pháp khiển trách. Việc khiển trách đối với người dưới 18 tuổi phạm tội phải có sự chứng kiến của ch",khien trach
concept_article_94,Hòa giải tại cộng đồng,general_rule,article_94,94,"1. Hòa giải tại cộng đồng được áp dụng đối với người dưới 18 tuổi phạm tội thuộc một trong các trường hợp sau đây: a) Người từ đủ 16 tuổi đến dưới 18 tuổi phạm tội ít nghiêm trọng hoặc phạm tội nghiêm trọng thuộc trường hợp quy định tại điểm a khoản 2 Điều 91 của Bộ luật này; b) Người từ đủ 14 tuổi đến dưới 16 tuổi phạm tội rất nghiêm trọng thuộc trường hợp quy định tại điểm b khoản 2 Điều 91 của Bộ luật này. 2. Cơ quan điều tra, Viện kiểm sát hoặc Tòa án phối hợp với Ủy ban nhân dân cấp xã tổ chức việc hòa giải tại cộng đồng khi người bị hại hoặc người đại diện hợp pháp của người bị hại đã tự",hoa giai tai cong dong
concept_article_95,"Giáo dục tại xã, phường, thị trấn",general_rule,article_95,95,"1. Cơ quan điều tra, Viện kiểm sát hoặc Tòa án có thể áp dụng biện pháp giáo dục tại xã, phường, thị trấn từ 01 năm đến 02 năm đối với người dưới 18 tuổi phạm tội thuộc một trong các trường hợp sau đây: a) Người từ đủ 16 tuổi đến dưới 18 tuổi phạm tội ít nghiêm trọng hoặc phạm tội nghiêm trọng thuộc trường hợp quy định tại điểm a khoản 2 Điều 91 của Bộ luật này; b) Người từ đủ 14 tuổi đến dưới 16 tuổi phạm tội rất nghiêm trọng thuộc trường hợp quy định tại điểm b khoản 2 Điều 91 của Bộ luật này. 2. Người được Cơ quan điều tra, Viện kiểm sát hoặc Tòa án giao cho Ủy ban nhân dân cấp xã tổ chức g",giao duc tai xa phuong thi tran
concept_article_96,Giáo dục tại trường giáo dưỡng,general_rule,article_96,96,"1. Tòa án có thể áp dụng biện pháp giáo dục tại trường giáo dưỡng từ 01 năm đến 02 năm đối với người dưới 18 tuổi phạm tội, nếu thấy do tính chất nghiêm trọng của hành vi phạm tội, do nhân thân và môi trường sống của người đó mà cần đưa người đó vào một tổ chức giáo dục có kỷ luật chặt chẽ. 2. Người được giáo dục tại trường giáo dưỡng phải chấp hành đầy đủ những nghĩa vụ về học tập, học nghề, lao động, sinh hoạt dưới sự quản lý, giáo dục của nhà trường.",giao duc tai truong giao duong
concept_article_97,Chấm dứt trước thời hạn biện pháp giáo dục tại trường giáo dưỡng,general_rule,article_97,97,"Nếu người được giáo dục tại trường giáo dưỡng đã chấp hành một phần hai thời hạn, có nhiều tiến bộ, thì theo đề nghị của trường giáo dưỡng được giao trách nhiệm quản lý, giáo dục, Tòa án có thể quyết định chấm dứt thời hạn giáo dục tại trường giáo dưỡng.",cham dut truoc thoi han bien phap giao duc tai truong giao duong
concept_article_98,Các hình phạt được áp dụng đối với người dưới 18 tuổi phạm tội,age_responsibility,article_98,98,Người dưới 18 tuổi phạm tội chỉ bị áp dụng một trong các hình phạt sau đây đối với mỗi tội phạm: 1. Cảnh cáo. 2. Phạt tiền. 3. Cải tạo không giam giữ. 4. Tù có thời hạn.,cac hinh phat duoc ap dung doi voi nguoi duoi 18 tuoi pham toi
concept_article_99,Phạt tiền,general_rule,article_99,99,"Phạt tiền được áp dụng là hình phạt chính đối với người từ đủ 16 tuổi đến dưới 18 tuổi, nếu người đó có thu nhập hoặc có tài sản riêng. Mức tiền phạt đối với người từ đủ 16 tuổi đến dưới 18 tuổi phạm tội không quá một phần hai mức tiền phạt mà điều luật quy định.",phat tien
concept_article_100,Cải tạo không giam giữ,general_rule,article_100,100,"1. Hình phạt cải tạo không giam giữ được áp dụng đối với người từ đủ 16 tuổi đến dưới 18 tuổi phạm tội rất nghiêm trọng do vô ý hoặc phạm tội ít nghiêm trọng, phạm tội nghiêm trọng hoặc người từ đủ 14 tuổi đến dưới 16 tuổi phạm tội rất nghiêm trọng. 2. Khi áp dụng hình phạt cải tạo không giam giữ đối với người dưới 18 tuổi phạm tội, thì không khấu trừ thu nhập của người đó. Thời hạn cải tạo không giam giữ đối với người dưới 18 tuổi phạm tội không quá một phần hai thời hạn mà điều luật quy định.",cai tao khong giam giu
concept_article_101,Tù có thời hạn,general_rule,article_101,101,"Mức phạt tù có thời hạn áp dụng đối với người dưới 18 tuổi phạm tội được quy định như sau: 1. Đối với người từ đủ 16 tuổi đến dưới 18 tuổi khi phạm tội, nếu điều luật được áp dụng quy định hình phạt tù chung thân hoặc tử hình, thì mức hình phạt cao nhất được áp dụng không quá 18 năm tù; nếu là tù có thời hạn thì mức hình phạt cao nhất được áp dụng không quá ba phần tư mức phạt tù mà điều luật quy định; 2. Đối với người từ đủ 14 tuổi đến dưới 16 tuổi khi phạm tội, nếu điều luật được áp dụng quy định hình phạt tù chung thân hoặc tử hình, thì mức hình phạt cao nhất được áp dụng không quá 12 năm t",tu co thoi han
concept_article_102,"Quyết định hình phạt trong trường hợp chuẩn bị phạm tội, phạm tội chưa đạt",preparation,article_102,102,1. Tòa án quyết định hình phạt đối với người dưới 18 tuổi trong trường hợp chuẩn bị phạm tội hoặc phạm tội chưa đạt theo nguyên tắc quy định tại khoản 1 Điều 57 của Bộ luật này. 2. Mức hình phạt cao nhất đối với người từ đủ 14 tuổi đến dưới 16 tuổi chuẩn bị phạm tội không quá một phần ba mức hình phạt được quy định trong khung hình phạt đối với hành vi chuẩn bị phạm tội trong điều luật được áp dụng. Mức hình phạt cao nhất đối với người từ đủ 16 tuổi đến dưới 18 tuổi chuẩn bị phạm tội không quá một phần hai mức hình phạt được quy định trong khung hình phạt đối với hành vi chuẩn bị phạm tội tron,quyet dinh hinh phat trong truong hop chuan bi pham toi pham toi chua dat
concept_article_103,Tổng hợp hình phạt trong trường hợp phạm nhiều tội,general_rule,article_103,103,"1. Khi xét xử cùng một lần người dưới 18 tuổi phạm nhiều tội thì Tòa án quyết định hình phạt đối với từng tội và tổng hợp hình phạt chung theo quy định tại Điều 55 của Bộ luật này. Nếu hình phạt chung là cải tạo không giam giữ thì mức hình phạt cao nhất được áp dụng không quá 03 năm. Nếu hình phạt chung là tù có thời hạn thì mức hình phạt cao nhất được áp dụng không được vượt quá 18 năm đối với người từ đủ 16 tuổi đến dưới 18 tuổi khi phạm tội và 12 năm đối với người từ đủ 14 tuổi đến dưới 16 tuổi khi phạm tội. 2. Đối với người dưới 18 tuổi phạm nhiều tội, có tội được thực hiện trước khi đủ 16",tong hop hinh phat trong truong hop pham nhieu toi
concept_article_104,Tổng hợp hình phạt của nhiều bản án,general_rule,article_104,104,"Việc tổng hợp hình phạt trong trường hợp một người đang phải chấp hành một bản án mà lại bị xét xử về tội đã phạm trước hoặc sau khi có bản án này, được thực hiện theo quy định tại Điều 55 và Điều 56 của Bộ luật này. Hình phạt chung không được vượt quá mức hình phạt cao nhất quy định tại Điều 103 của Bộ luật này.",tong hop hinh phat cua nhieu ban an
concept_article_105,Giảm mức hình phạt đã tuyên,general_rule,article_105,105,"1. Người dưới 18 tuổi phạm tội bị phạt cải tạo không giam giữ hoặc phạt tù, nếu có tiến bộ và đã chấp hành được một phần tư thời hạn, thì được Tòa án xét giảm; riêng đối với hình phạt tù, mỗi lần có thể giảm đến 04 năm nhưng phải bảo đảm đã chấp hành ít nhất là hai phần năm mức hình phạt đã tuyên. 2. Người dưới 18 tuổi phạm tội bị phạt cải tạo không giam giữ hoặc phạt tù, nếu lập công hoặc mắc bệnh hiểm nghèo, thì được xét giảm ngay và có thể được miễn chấp hành phần hình phạt còn lại. 3. Người dưới 18 tuổi phạm tội bị phạt tiền nhưng bị lâm vào hoàn cảnh kinh tế đặc biệt khó khăn kéo dài do t",giam muc hinh phat da tuyen
concept_article_106,Tha tù trước hạn có điều kiện,general_rule,article_106,106,"1. Người dưới 18 tuổi đang chấp hành án phạt tù, nếu không thuộc các trường hợp quy định tại khoản 2 Điều 66 của Bộ luật này có thể được tha tù trước hạn khi có đủ các điều kiện sau đây: a) Phạm tội lần đầu; b) Có nhiều tiến bộ, có ý thức cải tạo tốt; c) Đã chấp hành được một phần ba thời hạn phạt tù; d) Có nơi cư trú rõ ràng. 2. Việc tha tù trước thời hạn có điều kiện được thực hiện theo quy định tại các khoản 3, 4 và 5 Điều 66 của Bộ luật này.",tha tu truoc han co dieu kien
concept_article_107,Xóa án tích,general_rule,article_107,107,"1. Người dưới 18 tuổi bị kết án được coi là không có án tích, nếu thuộc một trong các trường hợp sau đây: a) Người từ đủ 14 đến dưới 16 tuổi; b) Người từ đủ 16 tuổi đến dưới 18 tuổi bị kết án về tội phạm ít nghiêm trọng, tội phạm nghiêm trọng hoặc tội phạm rất nghiêm trọng do vô ý; c) Người bị áp dụng biện pháp tư pháp quy định tại Mục 3 Chương này. 2. Người từ đủ 16 tuổi đến dưới 18 tuổi bị kết án về tội phạm rất nghiêm trọng do cố ý hoặc tội phạm đặc biệt nghiêm trọng đương nhiên được xóa án tích nếu từ khi chấp hành xong hình phạt chính hoặc hết thời gian thử thách án treo hoặc từ khi hết t",xoa an tich
concept_co_y_truc_tiep,Cố ý trực tiếp,fault,article_10,10,"Cố ý phạm tội là phạm tội trong những trường hợp sau đây: 1. Người phạm tội nhận thức rõ hành vi của mình là nguy hiểm cho xã hội, thấy trước hậu quả của hành vi đó và mong muốn hậu quả xảy ra; 2. Người phạm tội nhận thức rõ hành vi của mình là nguy hiểm cho xã hội, thấy trước hậu quả của hành vi đó có thể xảy ra, tuy không mong muốn nhưng vẫn có ý thức để mặc cho hậu quả xảy ra.",co y truc tiep
concept_co_y_gian_tiep,Cố ý gián tiếp,fault,article_10,10,"Cố ý phạm tội là phạm tội trong những trường hợp sau đây: 1. Người phạm tội nhận thức rõ hành vi của mình là nguy hiểm cho xã hội, thấy trước hậu quả của hành vi đó và mong muốn hậu quả xảy ra; 2. Người phạm tội nhận thức rõ hành vi của mình là nguy hiểm cho xã hội, thấy trước hậu quả của hành vi đó có thể xảy ra, tuy không mong muốn nhưng vẫn có ý thức để mặc cho hậu quả xảy ra.",co y gian tiep
concept_vo_y_qua_tu_tin,Vô ý do quá tự tin,fault,article_11,11,"Vô ý phạm tội là phạm tội trong những trường hợp sau đây: 1. Người phạm tội tuy thấy trước hành vi của mình có thể gây ra hậu quả nguy hại cho xã hội nhưng cho rằng hậu quả đó sẽ không xảy ra hoặc có thể ngăn ngừa được. 2. Người phạm tội không thấy trước hành vi của mình có thể gây ra hậu quả nguy hại cho xã hội, mặc dù phải thấy trước và có thể thấy trước hậu quả đó.",vo y do qua tu tin
concept_vo_y_cau_tha,Vô ý do cẩu thả,fault,article_11,11,"Vô ý phạm tội là phạm tội trong những trường hợp sau đây: 1. Người phạm tội tuy thấy trước hành vi của mình có thể gây ra hậu quả nguy hại cho xã hội nhưng cho rằng hậu quả đó sẽ không xảy ra hoặc có thể ngăn ngừa được. 2. Người phạm tội không thấy trước hành vi của mình có thể gây ra hậu quả nguy hại cho xã hội, mặc dù phải thấy trước và có thể thấy trước hậu quả đó.",vo y do cau tha
concept_nguoi_to_chuc,Người tổ chức trong đồng phạm,complicity_role,article_17,17,"1. Đồng phạm là trường hợp có hai người trở lên cố ý cùng thực hiện một tội phạm. 2. Phạm tội có tổ chức là hình thức đồng phạm có sự câu kết chặt chẽ giữa những người cùng thực hiện tội phạm. 3. Người đồng phạm bao gồm người tổ chức, người thực hành, người xúi giục, người giúp sức. Người thực hành là người trực tiếp thực hiện tội phạm. Người tổ chức là người chủ mưu, cầm đầu, chỉ huy việc thực hiện tội phạm. Người xúi giục là người kích động, dụ dỗ, thúc đẩy người khác thực hiện tội phạm. Người giúp sức là người tạo điều kiện tinh thần hoặc vật chất cho việc thực hiện tội phạm. 4. Người đồng ",nguoi to chuc trong dong pham
concept_nguoi_thuc_hanh,Người thực hành trong đồng phạm,complicity_role,article_17,17,"1. Đồng phạm là trường hợp có hai người trở lên cố ý cùng thực hiện một tội phạm. 2. Phạm tội có tổ chức là hình thức đồng phạm có sự câu kết chặt chẽ giữa những người cùng thực hiện tội phạm. 3. Người đồng phạm bao gồm người tổ chức, người thực hành, người xúi giục, người giúp sức. Người thực hành là người trực tiếp thực hiện tội phạm. Người tổ chức là người chủ mưu, cầm đầu, chỉ huy việc thực hiện tội phạm. Người xúi giục là người kích động, dụ dỗ, thúc đẩy người khác thực hiện tội phạm. Người giúp sức là người tạo điều kiện tinh thần hoặc vật chất cho việc thực hiện tội phạm. 4. Người đồng ",nguoi thuc hanh trong dong pham
concept_nguoi_xui_giuc,Người xúi giục trong đồng phạm,complicity_role,article_17,17,"1. Đồng phạm là trường hợp có hai người trở lên cố ý cùng thực hiện một tội phạm. 2. Phạm tội có tổ chức là hình thức đồng phạm có sự câu kết chặt chẽ giữa những người cùng thực hiện tội phạm. 3. Người đồng phạm bao gồm người tổ chức, người thực hành, người xúi giục, người giúp sức. Người thực hành là người trực tiếp thực hiện tội phạm. Người tổ chức là người chủ mưu, cầm đầu, chỉ huy việc thực hiện tội phạm. Người xúi giục là người kích động, dụ dỗ, thúc đẩy người khác thực hiện tội phạm. Người giúp sức là người tạo điều kiện tinh thần hoặc vật chất cho việc thực hiện tội phạm. 4. Người đồng ",nguoi xui giuc trong dong pham
concept_nguoi_giup_suc,Người giúp sức trong đồng phạm,complicity_role,article_17,17,"1. Đồng phạm là trường hợp có hai người trở lên cố ý cùng thực hiện một tội phạm. 2. Phạm tội có tổ chức là hình thức đồng phạm có sự câu kết chặt chẽ giữa những người cùng thực hiện tội phạm. 3. Người đồng phạm bao gồm người tổ chức, người thực hành, người xúi giục, người giúp sức. Người thực hành là người trực tiếp thực hiện tội phạm. Người tổ chức là người chủ mưu, cầm đầu, chỉ huy việc thực hiện tội phạm. Người xúi giục là người kích động, dụ dỗ, thúc đẩy người khác thực hiện tội phạm. Người giúp sức là người tạo điều kiện tinh thần hoặc vật chất cho việc thực hiện tội phạm. 4. Người đồng ",nguoi giup suc trong dong pham
concept_phong_ve_chinh_dang,Phòng vệ chính đáng,exemption,article_22,22,"1. Phòng vệ chính đáng là hành vi của người vì bảo vệ quyền hoặc lợi ích chính đáng của mình, của người khác hoặc lợi ích của Nhà nước, của cơ quan, tổ chức mà chống trả lại một cách cần thiết người đang có hành vi xâm phạm các lợi ích nói trên. Phòng vệ chính đáng không phải là tội phạm. 2. Vượt quá giới hạn phòng vệ chính đáng là hành vi chống trả rõ ràng quá mức cần thiết, không phù hợp với tính chất và mức độ nguy hiểm cho xã hội của hành vi xâm hại. Người có hành vi vượt quá giới hạn phòng vệ chính đáng phải chịu trách nhiệm hình sự theo quy định của Bộ luật này.",phong ve chinh dang
concept_tinh_the_cap_thiet,Tình thế cấp thiết,exemption,article_23,23,"1. Tình thế cấp thiết là tình thế của người vì muốn tránh gây thiệt hại cho quyền, lợi ích hợp pháp của mình, của người khác hoặc lợi ích của Nhà nước, của cơ quan, tổ chức mà không còn cách nào khác là phải gây một thiệt hại nhỏ hơn thiệt hại cần ngăn ngừa. Hành vi gây thiệt hại trong tình thế cấp thiết không phải là tội phạm. 2. Trong trường hợp thiệt hại gây ra rõ ràng vượt quá yêu cầu của tình thế cấp thiết, thì người gây thiệt hại đó phải chịu trách nhiệm hình sự.",tinh the cap thiet
concept_su_kien_bat_ngo,Sự kiện bất ngờ,exemption,article_20,20,"Người thực hiện hành vi gây hậu quả nguy hại cho xã hội trong trường hợp không thể thấy trước hoặc không buộc phải thấy trước hậu quả của hành vi đó, thì không phải chịu trách nhiệm hình sự.",su kien bat ngo
concept_say_ruou_bia_chat_kich_thich,"Phạm tội do dùng rượu, bia hoặc chất kích thích mạnh khác",general_rule,article_13,13,"Người phạm tội trong tình trạng mất khả năng nhận thức hoặc khả năng điều khiển hành vi của mình do dùng rượu, bia hoặc chất kích thích mạnh khác, thì vẫn phải chịu trách nhiệm hình sự.",pham toi do dung ruou bia hoac chat kich thich manh khac
concept_su_dung_trai_phep_chat_ma_tuy,Sử dụng trái phép chất ma túy,nlp_concept,article_256a,256a,"1. Người nào sử dụng trái phép chất ma túy thuộc một trong các trường hợp sau đây, thì bị phạt tù từ 02 năm đến 03 năm: a) Đang trong thời hạn cai nghiện ma túy hoặc điều trị nghiện các chất ma túy bằng thuốc thay thế theo quy định của Luật Phòng, chống ma túy; b) Đang trong thời hạn quản lý sau cai nghiện ma túy theo quy định của Luật Phòng, chống ma túy; c) Đang trong thời hạn 02 năm kể từ ngày hết thời hạn quản lý sau cai nghiện ma túy và trong thời hạn quản lý người sử dụng trái phép chất ma túy theo quy định của Luật Phòng, chống ma túy; d) Đang trong thời hạn 02 năm kể từ khi tự ý chấm d",su dung trai phep chat ma tuy
concept_to_chuc_su_dung_trai_phep_chat_ma_tuy,Tổ chức sử dụng trái phép chất ma túy,nlp_concept,article_255,255,"1. Người nào tổ chức sử dụng trái phép chất ma túy dưới bất kỳ hình thức nào, thì bị phạt tù từ 03 năm đến 07 năm. 2. Phạm tội thuộc một trong các trường hợp sau đây, thì bị phạt tù từ 07 năm đến 15 năm: a) Phạm tội 02 lần trở lên; b) Đối với 02 người trở lên; c) Đối với người từ đủ 13 tuổi đến dưới 18 tuổi; d) Đối với phụ nữ mà biết là có thai; đ) Đối với người đang cai nghiện; e) Gây tổn hại cho sức khỏe của người khác mà tỷ lệ tổn thương cơ thể từ 31% đến 60%; g) Gây bệnh nguy hiểm cho người khác; h) Tái phạm nguy hiểm. 3. Phạm tội thuộc một trong các trường hợp sau đây, thì bị phạt tù từ 1",to chuc su dung trai phep chat ma tuy
concept_khai_thac_lam_san_trai_phep,"Khai thác, tàng trữ, vận chuyển, chế biến, mua bán lâm sản trái pháp luật",nlp_concept,article_232,232,"1. Người nào thực hiện một trong các hành vi sau đây, nếu không thuộc trường hợp quy định tại Điều 243 của Bộ luật này, thì bị phạt tiền từ 50.000.000 đồng đến 300.000.000 đồng, phạt cải tạo không giam giữ đến 03 năm hoặc phạt tù từ 06 tháng đến 03 năm: a) Khai thác trái phép rừng sản xuất là rừng trồng từ 20 mét khối (m3) đến dưới 40 mét khối (m3) gỗ loài thực vật thông thường hoặc từ 15 mét khối (m3) đến dưới 30 mét khối (m3) gỗ thuộc Danh mục thực vật rừng, động vật rừng nguy cấp, quý, hiếm Nhóm IIA; b) Khai thác trái phép rừng sản xuất là rừng tự nhiên từ 10 mét khối (m3) đến dưới 20 mét k",khai thac tang tru van chuyen che bien mua ban lam san trai phap luat
concept_phan_boi_to_quoc,Phản bội Tổ quốc,national_security_concept,article_108,108,"1. Công dân Việt Nam nào câu kết với nước ngoài nhằm gây nguy hại cho độc lập, chủ quyền, thống nhất và toàn vẹn lãnh thổ của Tổ quốc, chế độ xã hội chủ nghĩa và Nhà nước Cộng hòa xã hội chủ nghĩa Việt Nam, tiềm lực quốc phòng, an ninh, thì bị phạt tù từ 12 năm đến 20 năm, tù chung thân hoặc tử hình. 2. Phạm tội trong trường hợp có nhiều tình tiết giảm nhẹ, thì bị phạt tù từ 07 năm đến 15 năm. 3. Người chuẩn bị phạm tội này, thì bị phạt tù từ 01 năm đến 05 năm.",phan boi to quoc
