id,from_id,from_label,from_article_id,from_article_code,to_article_code,text
reference_1,article_2,Article,article_2,2,76,Điều 2 tham chiếu Điều 76
reference_2,article_2_clause_2,Clause,article_2,2,76,Điều 2 tham chiếu Điều 76
reference_3,article_9,Article,article_9,9,76,Điều 9 tham chiếu Điều 76
reference_4,article_9_clause_2,Clause,article_9,9,76,Điều 9 tham chiếu Điều 76
reference_5,article_14,Article,article_14,14,109,Điều 14 tham chiếu Điều 109
reference_6,article_14,Article,article_14,14,113,Điều 14 tham chiếu Điều 113
reference_7,article_14,Article,article_14,14,299,Điều 14 tham chiếu Điều 299
reference_8,article_14,Article,article_14,14,123,Điều 14 tham chiếu Điều 123
reference_9,article_14,Article,article_14,14,168,Điều 14 tham chiếu Điều 168
reference_10,article_14_clause_1,Clause,article_14,14,109,Điều 14 tham chiếu Điều 109
reference_11,article_14_clause_1,Clause,article_14,14,113,Điều 14 tham chiếu Điều 113
reference_12,article_14_clause_1,Clause,article_14,14,299,Điều 14 tham chiếu Điều 299
reference_13,article_14_clause_3,Clause,article_14,14,123,Điều 14 tham chiếu Điều 123
reference_14,article_14_clause_3,Clause,article_14,14,168,Điều 14 tham chiếu Điều 168
reference_15,article_18,Article,article_18,18,389,Điều 18 tham chiếu Điều 389
reference_16,article_18_clause_2,Clause,article_18,18,389,Điều 18 tham chiếu Điều 389
reference_17,article_19,Article,article_19,19,390,Điều 19 tham chiếu Điều 390
reference_18,article_19_clause_1,Clause,article_19,19,390,Điều 19 tham chiếu Điều 390
reference_19,article_26,Article,article_26,26,421,Điều 26 tham chiếu Điều 421
reference_20,article_26,Article,article_26,26,422,Điều 26 tham chiếu Điều 422
reference_21,article_26,Article,article_26,26,423,Điều 26 tham chiếu Điều 423
reference_22,article_26_clause_0,Clause,article_26,26,421,Điều 26 tham chiếu Điều 421
reference_23,article_26_clause_0,Clause,article_26,26,422,Điều 26 tham chiếu Điều 422
reference_24,article_26_clause_0,Clause,article_26,26,423,Điều 26 tham chiếu Điều 423
reference_25,article_28,Article,article_28,28,27,Điều 28 tham chiếu Điều 27
reference_26,article_28,Article,article_28,28,353,Điều 28 tham chiếu Điều 353
reference_27,article_28,Article,article_28,28,354,Điều 28 tham chiếu Điều 354
reference_28,article_28_clause_3,Clause,article_28,28,353,Điều 28 tham chiếu Điều 353
reference_29,article_28_clause_3,Clause,article_28,28,354,Điều 28 tham chiếu Điều 354
reference_30,article_35,Article,article_35,35,77,Điều 35 tham chiếu Điều 77
reference_31,article_35_clause_4,Clause,article_35,35,77,Điều 35 tham chiếu Điều 77
reference_32,article_43,Article,article_43,43,44,Điều 43 tham chiếu Điều 44
reference_33,article_43_clause_0,Clause,article_43,43,44,Điều 43 tham chiếu Điều 44
reference_34,article_49,Article,article_49,49,21,Điều 49 tham chiếu Điều 21
reference_35,article_49_clause_1,Clause,article_49,49,21,Điều 49 tham chiếu Điều 21
reference_36,article_54,Article,article_54,54,51,Điều 54 tham chiếu Điều 51
reference_37,article_54_clause_1,Clause,article_54,54,51,Điều 54 tham chiếu Điều 51
reference_38,article_56,Article,article_56,56,55,Điều 56 tham chiếu Điều 55
reference_39,article_56,Article,article_56,56,55,Điều 56 tham chiếu Điều 55
reference_40,article_56_clause_1,Clause,article_56,56,55,Điều 56 tham chiếu Điều 55
reference_41,article_56_clause_2,Clause,article_56,56,55,Điều 56 tham chiếu Điều 55
reference_42,article_59,Article,article_59,59,54,Điều 59 tham chiếu Điều 54
reference_43,article_59_clause_0,Clause,article_59,59,54,Điều 59 tham chiếu Điều 54
reference_44,article_61,Article,article_61,61,353,Điều 61 tham chiếu Điều 353
reference_45,article_61,Article,article_61,61,354,Điều 61 tham chiếu Điều 354
reference_46,article_61_clause_0,Clause,article_61,61,353,Điều 61 tham chiếu Điều 353
reference_47,article_61_clause_0,Clause,article_61,61,354,Điều 61 tham chiếu Điều 354
reference_48,article_63,Article,article_63,63,40,Điều 63 tham chiếu Điều 40
reference_49,article_63_clause_6,Clause,article_63,63,40,Điều 63 tham chiếu Điều 40
reference_50,article_64,Article,article_64,64,63,Điều 64 tham chiếu Điều 63
reference_51,article_64_clause_0,Clause,article_64,64,63,Điều 64 tham chiếu Điều 63
reference_52,article_65,Article,article_65,65,56,Điều 65 tham chiếu Điều 56
reference_53,article_65_clause_5,Clause,article_65,65,56,Điều 65 tham chiếu Điều 56
reference_54,article_66,Article,article_66,66,299,Điều 66 tham chiếu Điều 299
reference_55,article_66,Article,article_66,66,40,Điều 66 tham chiếu Điều 40
reference_56,article_66,Article,article_66,66,56,Điều 66 tham chiếu Điều 56
reference_57,article_66_clause_2,Clause,article_66,66,299,Điều 66 tham chiếu Điều 299
reference_58,article_66_clause_2,Clause,article_66,66,40,Điều 66 tham chiếu Điều 40
reference_59,article_66_clause_4,Clause,article_66,66,56,Điều 66 tham chiếu Điều 56
reference_60,article_66_clause_2_point_a,Point,article_66,66,299,Điều 66 tham chiếu Điều 299
reference_61,article_66_clause_2_point_b,Point,article_66,66,40,Điều 66 tham chiếu Điều 40
reference_62,article_67,Article,article_67,67,56,Điều 67 tham chiếu Điều 56
reference_63,article_67_clause_2,Clause,article_67,67,56,Điều 67 tham chiếu Điều 56
reference_64,article_68,Article,article_68,68,67,Điều 68 tham chiếu Điều 67
reference_65,article_68_clause_1,Clause,article_68,68,67,Điều 68 tham chiếu Điều 67
reference_66,article_69,Article,article_69,69,70,Điều 69 tham chiếu Điều 70
reference_67,article_69,Article,article_69,69,73,Điều 69 tham chiếu Điều 73
reference_68,article_69_clause_1,Clause,article_69,69,70,Điều 69 tham chiếu Điều 70
reference_69,article_69_clause_1,Clause,article_69,69,73,Điều 69 tham chiếu Điều 73
reference_70,article_72,Article,article_72,72,70,Điều 72 tham chiếu Điều 70
reference_71,article_72,Article,article_72,72,71,Điều 72 tham chiếu Điều 71
reference_72,article_72_clause_0,Clause,article_72,72,70,Điều 72 tham chiếu Điều 70
reference_73,article_72_clause_0,Clause,article_72,72,71,Điều 72 tham chiếu Điều 71
reference_74,article_73,Article,article_73,73,70,Điều 73 tham chiếu Điều 70
reference_75,article_73,Article,article_73,73,71,Điều 73 tham chiếu Điều 71
reference_76,article_73,Article,article_73,73,71,Điều 73 tham chiếu Điều 71
reference_77,article_73_clause_1,Clause,article_73,73,70,Điều 73 tham chiếu Điều 70
reference_78,article_73_clause_1,Clause,article_73,73,71,Điều 73 tham chiếu Điều 71
reference_79,article_73_clause_3,Clause,article_73,73,71,Điều 73 tham chiếu Điều 71
reference_80,article_75,Article,article_75,75,27,Điều 75 tham chiếu Điều 27
reference_81,article_75_clause_1,Clause,article_75,75,27,Điều 75 tham chiếu Điều 27
reference_82,article_75_clause_1_point_d,Point,article_75,75,27,Điều 75 tham chiếu Điều 27
reference_83,article_82,Article,article_82,82,47,Điều 82 tham chiếu Điều 47
reference_84,article_82,Article,article_82,82,48,Điều 82 tham chiếu Điều 48
reference_85,article_82_clause_1,Clause,article_82,82,47,Điều 82 tham chiếu Điều 47
reference_86,article_82_clause_1,Clause,article_82,82,48,Điều 82 tham chiếu Điều 48
reference_87,article_82_clause_1_point_a,Point,article_82,82,47,Điều 82 tham chiếu Điều 47
reference_88,article_82_clause_1_point_a,Point,article_82,82,48,Điều 82 tham chiếu Điều 48
reference_89,article_86,Article,article_86,86,79,Điều 86 tham chiếu Điều 79
reference_90,article_86_clause_1,Clause,article_86,86,79,Điều 86 tham chiếu Điều 79
reference_91,article_86_clause_1_point_d,Point,article_86,86,79,Điều 86 tham chiếu Điều 79
reference_92,article_87,Article,article_87,87,86,Điều 87 tham chiếu Điều 86
reference_93,article_87,Article,article_87,87,86,Điều 87 tham chiếu Điều 86
reference_94,article_87_clause_1,Clause,article_87,87,86,Điều 87 tham chiếu Điều 86
reference_95,article_87_clause_2,Clause,article_87,87,86,Điều 87 tham chiếu Điều 86
reference_96,article_91,Article,article_91,91,29,Điều 91 tham chiếu Điều 29
reference_97,article_91,Article,article_91,91,12,Điều 91 tham chiếu Điều 12
reference_98,article_91_clause_2,Clause,article_91,91,29,Điều 91 tham chiếu Điều 29
reference_99,article_91_clause_2,Clause,article_91,91,12,Điều 91 tham chiếu Điều 12
reference_100,article_91_clause_2_point_b,Point,article_91,91,12,Điều 91 tham chiếu Điều 12
reference_101,article_93,Article,article_93,93,91,Điều 93 tham chiếu Điều 91
reference_102,article_93_clause_1,Clause,article_93,93,91,Điều 93 tham chiếu Điều 91
reference_103,article_93_clause_1_point_a,Point,article_93,93,91,Điều 93 tham chiếu Điều 91
reference_104,article_94,Article,article_94,94,91,Điều 94 tham chiếu Điều 91
reference_105,article_94,Article,article_94,94,91,Điều 94 tham chiếu Điều 91
reference_106,article_94,Article,article_94,94,93,Điều 94 tham chiếu Điều 93
reference_107,article_94,Article,article_94,94,93,Điều 94 tham chiếu Điều 93
reference_108,article_94_clause_1,Clause,article_94,94,91,Điều 94 tham chiếu Điều 91
reference_109,article_94_clause_1,Clause,article_94,94,91,Điều 94 tham chiếu Điều 91
reference_110,article_94_clause_3,Clause,article_94,94,93,Điều 94 tham chiếu Điều 93
reference_111,article_94_clause_4,Clause,article_94,94,93,Điều 94 tham chiếu Điều 93
reference_112,article_94_clause_1_point_a,Point,article_94,94,91,Điều 94 tham chiếu Điều 91
reference_113,article_94_clause_1_point_b,Point,article_94,94,91,Điều 94 tham chiếu Điều 91
reference_114,article_94_clause_3_point_b,Point,article_94,94,93,Điều 94 tham chiếu Điều 93
reference_115,article_95,Article,article_95,95,91,Điều 95 tham chiếu Điều 91
reference_116,article_95,Article,article_95,95,91,Điều 95 tham chiếu Điều 91
reference_117,article_95,Article,article_95,95,93,Điều 95 tham chiếu Điều 93
reference_118,article_95_clause_1,Clause,article_95,95,91,Điều 95 tham chiếu Điều 91
reference_119,article_95_clause_1,Clause,article_95,95,91,Điều 95 tham chiếu Điều 91
reference_120,article_95_clause_2,Clause,article_95,95,93,Điều 95 tham chiếu Điều 93
reference_121,article_95_clause_1_point_a,Point,article_95,95,91,Điều 95 tham chiếu Điều 91
reference_122,article_95_clause_1_point_b,Point,article_95,95,91,Điều 95 tham chiếu Điều 91
reference_123,article_95_clause_2_point_d,Point,article_95,95,93,Điều 95 tham chiếu Điều 93
reference_124,article_102,Article,article_102,102,57,Điều 102 tham chiếu Điều 57
reference_125,article_102,Article,article_102,102,100,Điều 102 tham chiếu Điều 100
reference_126,article_102,Article,article_102,102,101,Điều 102 tham chiếu Điều 101
reference_127,article_102,Article,article_102,102,99,Điều 102 tham chiếu Điều 99
reference_128,article_102_clause_1,Clause,article_102,102,57,Điều 102 tham chiếu Điều 57
reference_129,article_102_clause_3,Clause,article_102,102,100,Điều 102 tham chiếu Điều 100
reference_130,article_102_clause_3,Clause,article_102,102,101,Điều 102 tham chiếu Điều 101
reference_131,article_102_clause_3,Clause,article_102,102,99,Điều 102 tham chiếu Điều 99
reference_132,article_103,Article,article_103,103,55,Điều 103 tham chiếu Điều 55
reference_133,article_103_clause_1,Clause,article_103,103,55,Điều 103 tham chiếu Điều 55
reference_134,article_104,Article,article_104,104,55,Điều 104 tham chiếu Điều 55
reference_135,article_104,Article,article_104,104,56,Điều 104 tham chiếu Điều 56
reference_136,article_104,Article,article_104,104,103,Điều 104 tham chiếu Điều 103
reference_137,article_104_clause_0,Clause,article_104,104,55,Điều 104 tham chiếu Điều 55
reference_138,article_104_clause_0,Clause,article_104,104,56,Điều 104 tham chiếu Điều 56
reference_139,article_104_clause_0,Clause,article_104,104,103,Điều 104 tham chiếu Điều 103
reference_140,article_106,Article,article_106,106,66,Điều 106 tham chiếu Điều 66
reference_141,article_106,Article,article_106,106,66,Điều 106 tham chiếu Điều 66
reference_142,article_106_clause_1,Clause,article_106,106,66,Điều 106 tham chiếu Điều 66
reference_143,article_106_clause_2,Clause,article_106,106,66,Điều 106 tham chiếu Điều 66
reference_144,article_118,Article,article_118,118,112,Điều 118 tham chiếu Điều 112
reference_145,article_118_clause_1,Clause,article_118,118,112,Điều 118 tham chiếu Điều 112
reference_146,article_140,Article,article_140,140,185,Điều 140 tham chiếu Điều 185
reference_147,article_140_clause_1,Clause,article_140,140,185,Điều 140 tham chiếu Điều 185
reference_148,article_145,Article,article_145,145,142,Điều 145 tham chiếu Điều 142
reference_149,article_145,Article,article_145,145,144,Điều 145 tham chiếu Điều 144
reference_150,article_145_clause_1,Clause,article_145,145,142,Điều 145 tham chiếu Điều 142
reference_151,article_145_clause_1,Clause,article_145,145,144,Điều 145 tham chiếu Điều 144
reference_152,article_148,Article,article_148,148,142,Điều 148 tham chiếu Điều 142
reference_153,article_148,Article,article_148,148,145,Điều 148 tham chiếu Điều 145
reference_154,article_148_clause_2,Clause,article_148,148,142,Điều 148 tham chiếu Điều 142
reference_155,article_148_clause_2,Clause,article_148,148,145,Điều 148 tham chiếu Điều 145
reference_156,article_148_clause_2_point_b,Point,article_148,148,142,Điều 148 tham chiếu Điều 142
reference_157,article_148_clause_2_point_b,Point,article_148,148,145,Điều 148 tham chiếu Điều 145
reference_158,article_149,Article,article_149,149,148,Điều 149 tham chiếu Điều 148
reference_159,article_149_clause_1,Clause,article_149,149,148,Điều 149 tham chiếu Điều 148
reference_160,article_157,Article,article_157,157,153,Điều 157 tham chiếu Điều 153
reference_161,article_157,Article,article_157,157,377,Điều 157 tham chiếu Điều 377
reference_162,article_157_clause_1,Clause,article_157,157,153,Điều 157 tham chiếu Điều 153
reference_163,article_157_clause_1,Clause,article_157,157,377,Điều 157 tham chiếu Điều 377
reference_164,article_177,Article,article_177,177,219,Điều 177 tham chiếu Điều 219
reference_165,article_177,Article,article_177,177,220,Điều 177 tham chiếu Điều 220
reference_166,article_177_clause_1,Clause,article_177,177,219,Điều 177 tham chiếu Điều 219
reference_167,article_177_clause_1,Clause,article_177,177,220,Điều 177 tham chiếu Điều 220
reference_168,article_186,Article,article_186,186,380,Điều 186 tham chiếu Điều 380
reference_169,article_186_clause_0,Clause,article_186,186,380,Điều 186 tham chiếu Điều 380
reference_170,article_188,Article,article_188,188,79,Điều 188 tham chiếu Điều 79
reference_171,article_188_clause_6,Clause,article_188,188,79,Điều 188 tham chiếu Điều 79
reference_172,article_188_clause_6_point_d,Point,article_188,188,79,Điều 188 tham chiếu Điều 79
reference_173,article_189,Article,article_189,189,79,Điều 189 tham chiếu Điều 79
reference_174,article_189_clause_5,Clause,article_189,189,79,Điều 189 tham chiếu Điều 79
reference_175,article_189_clause_5_point_d,Point,article_189,189,79,Điều 189 tham chiếu Điều 79
reference_176,article_190,Article,article_190,190,79,Điều 190 tham chiếu Điều 79
reference_177,article_190_clause_5,Clause,article_190,190,79,Điều 190 tham chiếu Điều 79
reference_178,article_190_clause_5_point_d,Point,article_190,190,79,Điều 190 tham chiếu Điều 79
reference_179,article_191,Article,article_191,191,79,Điều 191 tham chiếu Điều 79
reference_180,article_191_clause_5,Clause,article_191,191,79,Điều 191 tham chiếu Điều 79
reference_181,article_191_clause_5_point_d,Point,article_191,191,79,Điều 191 tham chiếu Điều 79
reference_182,article_192,Article,article_192,192,79,Điều 192 tham chiếu Điều 79
reference_183,article_192_clause_5,Clause,article_192,192,79,Điều 192 tham chiếu Điều 79
reference_184,article_192_clause_5_point_d,Point,article_192,192,79,Điều 192 tham chiếu Điều 79
reference_185,article_193,Article,article_193,193,79,Điều 193 tham chiếu Điều 79
reference_186,article_193_clause_6,Clause,article_193,193,79,Điều 193 tham chiếu Điều 79
reference_187,article_193_clause_6_point_d,Point,article_193,193,79,Điều 193 tham chiếu Điều 79
reference_188,article_194,Article,article_194,194,79,Điều 194 tham chiếu Điều 79
reference_189,article_194_clause_6,Clause,article_194,194,79,Điều 194 tham chiếu Điều 79
reference_190,article_194_clause_6_point_d,Point,article_194,194,79,Điều 194 tham chiếu Điều 79
reference_191,article_195,Article,article_195,195,79,Điều 195 tham chiếu Điều 79
reference_192,article_195_clause_6,Clause,article_195,195,79,Điều 195 tham chiếu Điều 79
reference_193,article_195_clause_6_point_d,Point,article_195,195,79,Điều 195 tham chiếu Điều 79
reference_194,article_200,Article,article_200,200,188,Điều 200 tham chiếu Điều 188
reference_195,article_200,Article,article_200,200,189,Điều 200 tham chiếu Điều 189
reference_196,article_200,Article,article_200,200,188,Điều 200 tham chiếu Điều 188
reference_197,article_200,Article,article_200,200,189,Điều 200 tham chiếu Điều 189
reference_198,article_200,Article,article_200,200,188,Điều 200 tham chiếu Điều 188
reference_199,article_200,Article,article_200,200,189,Điều 200 tham chiếu Điều 189
reference_200,article_200,Article,article_200,200,79,Điều 200 tham chiếu Điều 79
reference_201,article_200_clause_1,Clause,article_200,200,188,Điều 200 tham chiếu Điều 188
reference_202,article_200_clause_1,Clause,article_200,200,189,Điều 200 tham chiếu Điều 189
reference_203,article_200_clause_1,Clause,article_200,200,188,Điều 200 tham chiếu Điều 188
reference_204,article_200_clause_1,Clause,article_200,200,189,Điều 200 tham chiếu Điều 189
reference_205,article_200_clause_1,Clause,article_200,200,188,Điều 200 tham chiếu Điều 188
reference_206,article_200_clause_1,Clause,article_200,200,189,Điều 200 tham chiếu Điều 189
reference_207,article_200_clause_5,Clause,article_200,200,79,Điều 200 tham chiếu Điều 79
reference_208,article_200_clause_1_point_e,Point,article_200,200,188,Điều 200 tham chiếu Điều 188
reference_209,article_200_clause_1_point_e,Point,article_200,200,189,Điều 200 tham chiếu Điều 189
reference_210,article_200_clause_1_point_g,Point,article_200,200,188,Điều 200 tham chiếu Điều 188
reference_211,article_200_clause_1_point_g,Point,article_200,200,189,Điều 200 tham chiếu Điều 189
reference_212,article_200_clause_1_point_h,Point,article_200,200,188,Điều 200 tham chiếu Điều 188
reference_213,article_200_clause_1_point_h,Point,article_200,200,189,Điều 200 tham chiếu Điều 189
reference_214,article_200_clause_5_point_d,Point,article_200,200,79,Điều 200 tham chiếu Điều 79
reference_215,article_203,Article,article_203,203,79,Điều 203 tham chiếu Điều 79
reference_216,article_203_clause_4,Clause,article_203,203,79,Điều 203 tham chiếu Điều 79
reference_217,article_203_clause_4_point_c,Point,article_203,203,79,Điều 203 tham chiếu Điều 79
reference_218,article_211,Article,article_211,211,79,Điều 211 tham chiếu Điều 79
reference_219,article_211_clause_4,Clause,article_211,211,79,Điều 211 tham chiếu Điều 79
reference_220,article_211_clause_4_point_c,Point,article_211,211,79,Điều 211 tham chiếu Điều 79
reference_221,article_217a,Article,article_217a,217a,174,Điều 217a tham chiếu Điều 174
reference_222,article_217a,Article,article_217a,217a,290,Điều 217a tham chiếu Điều 290
reference_223,article_217a_clause_1,Clause,article_217a,217a,174,Điều 217a tham chiếu Điều 174
reference_224,article_217a_clause_1,Clause,article_217a,217a,290,Điều 217a tham chiếu Điều 290
reference_225,article_220,Article,article_220,220,224,Điều 220 tham chiếu Điều 224
reference_226,article_220_clause_1,Clause,article_220,220,224,Điều 220 tham chiếu Điều 224
reference_227,article_232,Article,article_232,232,243,Điều 232 tham chiếu Điều 243
reference_228,article_232_clause_1,Clause,article_232,232,243,Điều 232 tham chiếu Điều 243
reference_229,article_233,Article,article_233,233,232,Điều 233 tham chiếu Điều 232
reference_230,article_233,Article,article_233,233,232,Điều 233 tham chiếu Điều 232
reference_231,article_233,Article,article_233,233,232,Điều 233 tham chiếu Điều 232
reference_232,article_233,Article,article_233,233,232,Điều 233 tham chiếu Điều 232
reference_233,article_233_clause_1,Clause,article_233,233,232,Điều 233 tham chiếu Điều 232
reference_234,article_233_clause_1,Clause,article_233,233,232,Điều 233 tham chiếu Điều 232
reference_235,article_233_clause_2,Clause,article_233,233,232,Điều 233 tham chiếu Điều 232
reference_236,article_233_clause_3,Clause,article_233,233,232,Điều 233 tham chiếu Điều 232
reference_237,article_233_clause_1_point_c,Point,article_233,233,232,Điều 233 tham chiếu Điều 232
reference_238,article_233_clause_1_point_d,Point,article_233,233,232,Điều 233 tham chiếu Điều 232
reference_239,article_233_clause_2_point_d,Point,article_233,233,232,Điều 233 tham chiếu Điều 232
reference_240,article_233_clause_3_point_c,Point,article_233,233,232,Điều 233 tham chiếu Điều 232
reference_241,article_234,Article,article_234,234,242,Điều 234 tham chiếu Điều 242
reference_242,article_234,Article,article_234,234,244,Điều 234 tham chiếu Điều 244
reference_243,article_234,Article,article_234,234,79,Điều 234 tham chiếu Điều 79
reference_244,article_234_clause_1,Clause,article_234,234,242,Điều 234 tham chiếu Điều 242
reference_245,article_234_clause_1,Clause,article_234,234,244,Điều 234 tham chiếu Điều 244
reference_246,article_234_clause_5,Clause,article_234,234,79,Điều 234 tham chiếu Điều 79
reference_247,article_234_clause_5_point_d,Point,article_234,234,79,Điều 234 tham chiếu Điều 79
reference_248,article_235,Article,article_235,235,79,Điều 235 tham chiếu Điều 79
reference_249,article_235_clause_5,Clause,article_235,235,79,Điều 235 tham chiếu Điều 79
reference_250,article_235_clause_5_point_d,Point,article_235,235,79,Điều 235 tham chiếu Điều 79
reference_251,article_237,Article,article_237,237,79,Điều 237 tham chiếu Điều 79
reference_252,article_237_clause_5,Clause,article_237,237,79,Điều 237 tham chiếu Điều 79
reference_253,article_237_clause_5_point_d,Point,article_237,237,79,Điều 237 tham chiếu Điều 79
reference_254,article_238,Article,article_238,238,303,Điều 238 tham chiếu Điều 303
reference_255,article_238,Article,article_238,238,79,Điều 238 tham chiếu Điều 79
reference_256,article_238_clause_1,Clause,article_238,238,303,Điều 238 tham chiếu Điều 303
reference_257,article_238_clause_5,Clause,article_238,238,79,Điều 238 tham chiếu Điều 79
reference_258,article_238_clause_5_point_d,Point,article_238,238,79,Điều 238 tham chiếu Điều 79
reference_259,article_239,Article,article_239,239,79,Điều 239 tham chiếu Điều 79
reference_260,article_239_clause_5,Clause,article_239,239,79,Điều 239 tham chiếu Điều 79
reference_261,article_239_clause_5_point_d,Point,article_239,239,79,Điều 239 tham chiếu Điều 79
reference_262,article_242,Article,article_242,242,244,Điều 242 tham chiếu Điều 244
reference_263,article_242_clause_1,Clause,article_242,242,244,Điều 242 tham chiếu Điều 244
reference_264,article_242_clause_1_point_c,Point,article_242,242,244,Điều 242 tham chiếu Điều 244
reference_265,article_243,Article,article_243,243,79,Điều 243 tham chiếu Điều 79
reference_266,article_243_clause_5,Clause,article_243,243,79,Điều 243 tham chiếu Điều 79
reference_267,article_243_clause_5_point_d,Point,article_243,243,79,Điều 243 tham chiếu Điều 79
reference_268,article_244,Article,article_244,244,79,Điều 244 tham chiếu Điều 79
reference_269,article_244_clause_5,Clause,article_244,244,79,Điều 244 tham chiếu Điều 79
reference_270,article_244_clause_5_point_d,Point,article_244,244,79,Điều 244 tham chiếu Điều 79
reference_271,article_245,Article,article_245,245,79,Điều 245 tham chiếu Điều 79
reference_272,article_245_clause_4,Clause,article_245,245,79,Điều 245 tham chiếu Điều 79
reference_273,article_245_clause_4_point_c,Point,article_245,245,79,Điều 245 tham chiếu Điều 79
reference_274,article_256,Article,article_256,256,255,Điều 256 tham chiếu Điều 255
reference_275,article_256_clause_1,Clause,article_256,256,255,Điều 256 tham chiếu Điều 255
reference_276,article_266,Article,article_266,266,265,Điều 266 tham chiếu Điều 265
reference_277,article_266_clause_1,Clause,article_266,266,265,Điều 266 tham chiếu Điều 265
reference_278,article_283,Article,article_283,283,110,Điều 283 tham chiếu Điều 110
reference_279,article_283,Article,article_283,283,111,Điều 283 tham chiếu Điều 111
reference_280,article_283_clause_1,Clause,article_283,283,110,Điều 283 tham chiếu Điều 110
reference_281,article_283_clause_1,Clause,article_283,283,111,Điều 283 tham chiếu Điều 111
reference_282,article_284,Article,article_284,284,110,Điều 284 tham chiếu Điều 110
reference_283,article_284,Article,article_284,284,111,Điều 284 tham chiếu Điều 111
reference_284,article_284_clause_1,Clause,article_284,284,110,Điều 284 tham chiếu Điều 110
reference_285,article_284_clause_1,Clause,article_284,284,111,Điều 284 tham chiếu Điều 111
reference_286,article_287,Article,article_287,287,286,Điều 287 tham chiếu Điều 286
reference_287,article_287,Article,article_287,287,289,Điều 287 tham chiếu Điều 289
reference_288,article_287_clause_1,Clause,article_287,287,286,Điều 287 tham chiếu Điều 286
reference_289,article_287_clause_1,Clause,article_287,287,289,Điều 287 tham chiếu Điều 289
reference_290,article_288,Article,article_288,288,117,Điều 288 tham chiếu Điều 117
reference_291,article_288_clause_1,Clause,article_288,288,117,Điều 288 tham chiếu Điều 117
reference_292,article_288_clause_1_point_a,Point,article_288,288,117,Điều 288 tham chiếu Điều 117
reference_293,article_290,Article,article_290,290,173,Điều 290 tham chiếu Điều 173
reference_294,article_290,Article,article_290,290,174,Điều 290 tham chiếu Điều 174
reference_295,article_290_clause_1,Clause,article_290,290,173,Điều 290 tham chiếu Điều 173
reference_296,article_290_clause_1,Clause,article_290,290,174,Điều 290 tham chiếu Điều 174
reference_297,article_298,Article,article_298,298,224,Điều 298 tham chiếu Điều 224
reference_298,article_298,Article,article_298,298,281,Điều 298 tham chiếu Điều 281
reference_299,article_298_clause_1,Clause,article_298,298,224,Điều 298 tham chiếu Điều 224
reference_300,article_298_clause_1,Clause,article_298,298,281,Điều 298 tham chiếu Điều 281
reference_301,article_300,Article,article_300,300,79,Điều 300 tham chiếu Điều 79
reference_302,article_300_clause_4,Clause,article_300,300,79,Điều 300 tham chiếu Điều 79
reference_303,article_300_clause_4_point_b,Point,article_300,300,79,Điều 300 tham chiếu Điều 79
reference_304,article_301,Article,article_301,301,113,Điều 301 tham chiếu Điều 113
reference_305,article_301,Article,article_301,301,299,Điều 301 tham chiếu Điều 299
reference_306,article_301_clause_1,Clause,article_301,301,113,Điều 301 tham chiếu Điều 113
reference_307,article_301_clause_1,Clause,article_301,301,299,Điều 301 tham chiếu Điều 299
reference_308,article_303,Article,article_303,303,114,Điều 303 tham chiếu Điều 114
reference_309,article_303_clause_1,Clause,article_303,303,114,Điều 303 tham chiếu Điều 114
reference_310,article_315,Article,article_315,315,259,Điều 315 tham chiếu Điều 259
reference_311,article_315_clause_1,Clause,article_315,315,259,Điều 315 tham chiếu Điều 259
reference_312,article_321,Article,article_321,321,322,Điều 321 tham chiếu Điều 322
reference_313,article_321,Article,article_321,321,322,Điều 321 tham chiếu Điều 322
reference_314,article_321_clause_1,Clause,article_321,321,322,Điều 321 tham chiếu Điều 322
reference_315,article_321_clause_1,Clause,article_321,321,322,Điều 321 tham chiếu Điều 322
reference_316,article_322,Article,article_322,322,321,Điều 322 tham chiếu Điều 321
reference_317,article_322,Article,article_322,322,321,Điều 322 tham chiếu Điều 321
reference_318,article_322_clause_1,Clause,article_322,322,321,Điều 322 tham chiếu Điều 321
reference_319,article_322_clause_1,Clause,article_322,322,321,Điều 322 tham chiếu Điều 321
reference_320,article_322_clause_1_point_d,Point,article_322,322,321,Điều 322 tham chiếu Điều 321
reference_321,article_322_clause_1_point_d,Point,article_322,322,321,Điều 322 tham chiếu Điều 321
reference_322,article_324,Article,article_324,324,79,Điều 324 tham chiếu Điều 79
reference_323,article_324_clause_6,Clause,article_324,324,79,Điều 324 tham chiếu Điều 79
reference_324,article_324_clause_6_point_d,Point,article_324,324,79,Điều 324 tham chiếu Điều 79
reference_325,article_329,Article,article_329,329,142,Điều 329 tham chiếu Điều 142
reference_326,article_329_clause_1,Clause,article_329,329,142,Điều 329 tham chiếu Điều 142
reference_327,article_337,Article,article_337,337,110,Điều 337 tham chiếu Điều 110
reference_328,article_337_clause_1,Clause,article_337,337,110,Điều 337 tham chiếu Điều 110
reference_329,article_349,Article,article_349,349,120,Điều 349 tham chiếu Điều 120
reference_330,article_349_clause_1,Clause,article_349,349,120,Điều 349 tham chiếu Điều 120
reference_331,article_350,Article,article_350,350,120,Điều 350 tham chiếu Điều 120
reference_332,article_350_clause_1,Clause,article_350,350,120,Điều 350 tham chiếu Điều 120
reference_333,article_362,Article,article_362,362,338,Điều 362 tham chiếu Điều 338
reference_334,article_362_clause_1,Clause,article_362,362,338,Điều 362 tham chiếu Điều 338
reference_335,article_383,Article,article_383,383,19,Điều 383 tham chiếu Điều 19
reference_336,article_383_clause_1,Clause,article_383,383,19,Điều 383 tham chiếu Điều 19
reference_337,article_387,Article,article_387,387,119,Điều 387 tham chiếu Điều 119
reference_338,article_387_clause_1,Clause,article_387,387,119,Điều 387 tham chiếu Điều 119
reference_339,article_389,Article,article_389,389,18,Điều 389 tham chiếu Điều 18
reference_340,article_389,Article,article_389,389,123,Điều 389 tham chiếu Điều 123
reference_341,article_389,Article,article_389,389,141,Điều 389 tham chiếu Điều 141
reference_342,article_389,Article,article_389,389,142,Điều 389 tham chiếu Điều 142
reference_343,article_389,Article,article_389,389,144,Điều 389 tham chiếu Điều 144
reference_344,article_389,Article,article_389,389,146,Điều 389 tham chiếu Điều 146
reference_345,article_389,Article,article_389,389,150,Điều 389 tham chiếu Điều 150
reference_346,article_389,Article,article_389,389,168,Điều 389 tham chiếu Điều 168
reference_347,article_389,Article,article_389,389,169,Điều 389 tham chiếu Điều 169
reference_348,article_389,Article,article_389,389,173,Điều 389 tham chiếu Điều 173
reference_349,article_389,Article,article_389,389,174,Điều 389 tham chiếu Điều 174
reference_350,article_389,Article,article_389,389,175,Điều 389 tham chiếu Điều 175
reference_351,article_389,Article,article_389,389,178,Điều 389 tham chiếu Điều 178
reference_352,article_389,Article,article_389,389,188,Điều 389 tham chiếu Điều 188
reference_353,article_389,Article,article_389,389,189,Điều 389 tham chiếu Điều 189
reference_354,article_389,Article,article_389,389,190,Điều 389 tham chiếu Điều 190
reference_355,article_389,Article,article_389,389,191,Điều 389 tham chiếu Điều 191
reference_356,article_389,Article,article_389,389,192,Điều 389 tham chiếu Điều 192
reference_357,article_389,Article,article_389,389,193,Điều 389 tham chiếu Điều 193
reference_358,article_389,Article,article_389,389,194,Điều 389 tham chiếu Điều 194
reference_359,article_389,Article,article_389,389,195,Điều 389 tham chiếu Điều 195
reference_360,article_389,Article,article_389,389,196,Điều 389 tham chiếu Điều 196
reference_361,article_389,Article,article_389,389,205,Điều 389 tham chiếu Điều 205
reference_362,article_389,Article,article_389,389,206,Điều 389 tham chiếu Điều 206
reference_363,article_389,Article,article_389,389,207,Điều 389 tham chiếu Điều 207
reference_364,article_389,Article,article_389,389,208,Điều 389 tham chiếu Điều 208
reference_365,article_389,Article,article_389,389,219,Điều 389 tham chiếu Điều 219
reference_366,article_389,Article,article_389,389,220,Điều 389 tham chiếu Điều 220
reference_367,article_389,Article,article_389,389,221,Điều 389 tham chiếu Điều 221
reference_368,article_389,Article,article_389,389,222,Điều 389 tham chiếu Điều 222
reference_369,article_389,Article,article_389,389,223,Điều 389 tham chiếu Điều 223
reference_370,article_389,Article,article_389,389,224,Điều 389 tham chiếu Điều 224
reference_371,article_389,Article,article_389,389,243,Điều 389 tham chiếu Điều 243
reference_372,article_389,Article,article_389,389,254,Điều 389 tham chiếu Điều 254
reference_373,article_389,Article,article_389,389,259,Điều 389 tham chiếu Điều 259
reference_374,article_389,Article,article_389,389,265,Điều 389 tham chiếu Điều 265
reference_375,article_389,Article,article_389,389,305,Điều 389 tham chiếu Điều 305
reference_376,article_389,Article,article_389,389,309,Điều 389 tham chiếu Điều 309
reference_377,article_389,Article,article_389,389,311,Điều 389 tham chiếu Điều 311
reference_378,article_389,Article,article_389,389,329,Điều 389 tham chiếu Điều 329
reference_379,article_389,Article,article_389,389,353,Điều 389 tham chiếu Điều 353
reference_380,article_389,Article,article_389,389,354,Điều 389 tham chiếu Điều 354
reference_381,article_389,Article,article_389,389,355,Điều 389 tham chiếu Điều 355
reference_382,article_389,Article,article_389,389,356,Điều 389 tham chiếu Điều 356
reference_383,article_389,Article,article_389,389,357,Điều 389 tham chiếu Điều 357
reference_384,article_389,Article,article_389,389,358,Điều 389 tham chiếu Điều 358
reference_385,article_389,Article,article_389,389,359,Điều 389 tham chiếu Điều 359
reference_386,article_389,Article,article_389,389,364,Điều 389 tham chiếu Điều 364
reference_387,article_389,Article,article_389,389,365,Điều 389 tham chiếu Điều 365
reference_388,article_389,Article,article_389,389,373,Điều 389 tham chiếu Điều 373
reference_389,article_389,Article,article_389,389,374,Điều 389 tham chiếu Điều 374
reference_390,article_389,Article,article_389,389,386,Điều 389 tham chiếu Điều 386
reference_391,article_389_clause_1,Clause,article_389,389,18,Điều 389 tham chiếu Điều 18
reference_392,article_389_clause_1,Clause,article_389,389,123,Điều 389 tham chiếu Điều 123
reference_393,article_389_clause_1,Clause,article_389,389,141,Điều 389 tham chiếu Điều 141
reference_394,article_389_clause_1,Clause,article_389,389,142,Điều 389 tham chiếu Điều 142
reference_395,article_389_clause_1,Clause,article_389,389,144,Điều 389 tham chiếu Điều 144
reference_396,article_389_clause_1,Clause,article_389,389,146,Điều 389 tham chiếu Điều 146
reference_397,article_389_clause_1,Clause,article_389,389,150,Điều 389 tham chiếu Điều 150
reference_398,article_389_clause_1,Clause,article_389,389,168,Điều 389 tham chiếu Điều 168
reference_399,article_389_clause_1,Clause,article_389,389,169,Điều 389 tham chiếu Điều 169
reference_400,article_389_clause_1,Clause,article_389,389,173,Điều 389 tham chiếu Điều 173
reference_401,article_389_clause_1,Clause,article_389,389,174,Điều 389 tham chiếu Điều 174
reference_402,article_389_clause_1,Clause,article_389,389,175,Điều 389 tham chiếu Điều 175
reference_403,article_389_clause_1,Clause,article_389,389,178,Điều 389 tham chiếu Điều 178
reference_404,article_389_clause_1,Clause,article_389,389,188,Điều 389 tham chiếu Điều 188
reference_405,article_389_clause_1,Clause,article_389,389,189,Điều 389 tham chiếu Điều 189
reference_406,article_389_clause_1,Clause,article_389,389,190,Điều 389 tham chiếu Điều 190
reference_407,article_389_clause_1,Clause,article_389,389,191,Điều 389 tham chiếu Điều 191
reference_408,article_389_clause_1,Clause,article_389,389,192,Điều 389 tham chiếu Điều 192
reference_409,article_389_clause_1,Clause,article_389,389,193,Điều 389 tham chiếu Điều 193
reference_410,article_389_clause_1,Clause,article_389,389,194,Điều 389 tham chiếu Điều 194
reference_411,article_389_clause_1,Clause,article_389,389,195,Điều 389 tham chiếu Điều 195
reference_412,article_389_clause_1,Clause,article_389,389,196,Điều 389 tham chiếu Điều 196
reference_413,article_389_clause_1,Clause,article_389,389,205,Điều 389 tham chiếu Điều 205
reference_414,article_389_clause_1,Clause,article_389,389,206,Điều 389 tham chiếu Điều 206
reference_415,article_389_clause_1,Clause,article_389,389,207,Điều 389 tham chiếu Điều 207
reference_416,article_389_clause_1,Clause,article_389,389,208,Điều 389 tham chiếu Điều 208
reference_417,article_389_clause_1,Clause,article_389,389,219,Điều 389 tham chiếu Điều 219
reference_418,article_389_clause_1,Clause,article_389,389,220,Điều 389 tham chiếu Điều 220
reference_419,article_389_clause_1,Clause,article_389,389,221,Điều 389 tham chiếu Điều 221
reference_420,article_389_clause_1,Clause,article_389,389,222,Điều 389 tham chiếu Điều 222
reference_421,article_389_clause_1,Clause,article_389,389,223,Điều 389 tham chiếu Điều 223
reference_422,article_389_clause_1,Clause,article_389,389,224,Điều 389 tham chiếu Điều 224
reference_423,article_389_clause_1,Clause,article_389,389,243,Điều 389 tham chiếu Điều 243
reference_424,article_389_clause_1,Clause,article_389,389,254,Điều 389 tham chiếu Điều 254
reference_425,article_389_clause_1,Clause,article_389,389,259,Điều 389 tham chiếu Điều 259
reference_426,article_389_clause_1,Clause,article_389,389,265,Điều 389 tham chiếu Điều 265
reference_427,article_389_clause_1,Clause,article_389,389,305,Điều 389 tham chiếu Điều 305
reference_428,article_389_clause_1,Clause,article_389,389,309,Điều 389 tham chiếu Điều 309
reference_429,article_389_clause_1,Clause,article_389,389,311,Điều 389 tham chiếu Điều 311
reference_430,article_389_clause_1,Clause,article_389,389,329,Điều 389 tham chiếu Điều 329
reference_431,article_389_clause_1,Clause,article_389,389,353,Điều 389 tham chiếu Điều 353
reference_432,article_389_clause_1,Clause,article_389,389,354,Điều 389 tham chiếu Điều 354
reference_433,article_389_clause_1,Clause,article_389,389,355,Điều 389 tham chiếu Điều 355
reference_434,article_389_clause_1,Clause,article_389,389,356,Điều 389 tham chiếu Điều 356
reference_435,article_389_clause_1,Clause,article_389,389,357,Điều 389 tham chiếu Điều 357
reference_436,article_389_clause_1,Clause,article_389,389,358,Điều 389 tham chiếu Điều 358
reference_437,article_389_clause_1,Clause,article_389,389,359,Điều 389 tham chiếu Điều 359
reference_438,article_389_clause_1,Clause,article_389,389,364,Điều 389 tham chiếu Điều 364
reference_439,article_389_clause_1,Clause,article_389,389,365,Điều 389 tham chiếu Điều 365
reference_440,article_389_clause_1,Clause,article_389,389,373,Điều 389 tham chiếu Điều 373
reference_441,article_389_clause_1,Clause,article_389,389,374,Điều 389 tham chiếu Điều 374
reference_442,article_389_clause_1,Clause,article_389,389,386,Điều 389 tham chiếu Điều 386
reference_443,article_389_clause_1_point_b,Point,article_389,389,123,Điều 389 tham chiếu Điều 123
reference_444,article_389_clause_1_point_b,Point,article_389,389,141,Điều 389 tham chiếu Điều 141
reference_445,article_389_clause_1_point_b,Point,article_389,389,142,Điều 389 tham chiếu Điều 142
reference_446,article_389_clause_1_point_b,Point,article_389,389,144,Điều 389 tham chiếu Điều 144
reference_447,article_389_clause_1_point_b,Point,article_389,389,146,Điều 389 tham chiếu Điều 146
reference_448,article_389_clause_1_point_b,Point,article_389,389,150,Điều 389 tham chiếu Điều 150
reference_449,article_389_clause_1_point_c,Point,article_389,389,168,Điều 389 tham chiếu Điều 168
reference_450,article_389_clause_1_point_c,Point,article_389,389,169,Điều 389 tham chiếu Điều 169
reference_451,article_389_clause_1_point_c,Point,article_389,389,173,Điều 389 tham chiếu Điều 173
reference_452,article_389_clause_1_point_c,Point,article_389,389,174,Điều 389 tham chiếu Điều 174
reference_453,article_389_clause_1_point_c,Point,article_389,389,175,Điều 389 tham chiếu Điều 175
reference_454,article_389_clause_1_point_c,Point,article_389,389,178,Điều 389 tham chiếu Điều 178
reference_455,article_389_clause_1_point_d,Point,article_389,389,188,Điều 389 tham chiếu Điều 188
reference_456,article_389_clause_1_point_d,Point,article_389,389,189,Điều 389 tham chiếu Điều 189
reference_457,article_389_clause_1_point_d,Point,article_389,389,190,Điều 389 tham chiếu Điều 190
reference_458,article_389_clause_1_point_d,Point,article_389,389,191,Điều 389 tham chiếu Điều 191
reference_459,article_389_clause_1_point_d,Point,article_389,389,192,Điều 389 tham chiếu Điều 192
reference_460,article_389_clause_1_point_d,Point,article_389,389,193,Điều 389 tham chiếu Điều 193
reference_461,article_389_clause_1_point_d,Point,article_389,389,194,Điều 389 tham chiếu Điều 194
reference_462,article_389_clause_1_point_d,Point,article_389,389,195,Điều 389 tham chiếu Điều 195
reference_463,article_389_clause_1_point_d,Point,article_389,389,196,Điều 389 tham chiếu Điều 196
reference_464,article_389_clause_1_point_d,Point,article_389,389,205,Điều 389 tham chiếu Điều 205
reference_465,article_389_clause_1_point_d,Point,article_389,389,206,Điều 389 tham chiếu Điều 206
reference_466,article_389_clause_1_point_d,Point,article_389,389,207,Điều 389 tham chiếu Điều 207
reference_467,article_389_clause_1_point_d,Point,article_389,389,208,Điều 389 tham chiếu Điều 208
reference_468,article_389_clause_1_point_d,Point,article_389,389,219,Điều 389 tham chiếu Điều 219
reference_469,article_389_clause_1_point_d,Point,article_389,389,220,Điều 389 tham chiếu Điều 220
reference_470,article_389_clause_1_point_d,Point,article_389,389,221,Điều 389 tham chiếu Điều 221
reference_471,article_389_clause_1_point_d,Point,article_389,389,222,Điều 389 tham chiếu Điều 222
reference_472,article_389_clause_1_point_d,Point,article_389,389,223,Điều 389 tham chiếu Điều 223
reference_473,article_389_clause_1_point_d,Point,article_389,389,224,Điều 389 tham chiếu Điều 224
reference_474,article_389_clause_1_point_d,Point,article_389,389,243,Điều 389 tham chiếu Điều 243
reference_475,article_389_clause_1_point_e,Point,article_389,389,254,Điều 389 tham chiếu Điều 254
reference_476,article_389_clause_1_point_e,Point,article_389,389,259,Điều 389 tham chiếu Điều 259
reference_477,article_389_clause_1_point_g,Point,article_389,389,265,Điều 389 tham chiếu Điều 265
reference_478,article_389_clause_1_point_g,Point,article_389,389,305,Điều 389 tham chiếu Điều 305
reference_479,article_389_clause_1_point_g,Point,article_389,389,309,Điều 389 tham chiếu Điều 309
reference_480,article_389_clause_1_point_g,Point,article_389,389,311,Điều 389 tham chiếu Điều 311
reference_481,article_389_clause_1_point_g,Point,article_389,389,329,Điều 389 tham chiếu Điều 329
reference_482,article_389_clause_1_point_h,Point,article_389,389,353,Điều 389 tham chiếu Điều 353
reference_483,article_389_clause_1_point_h,Point,article_389,389,354,Điều 389 tham chiếu Điều 354
reference_484,article_389_clause_1_point_h,Point,article_389,389,355,Điều 389 tham chiếu Điều 355
reference_485,article_389_clause_1_point_h,Point,article_389,389,356,Điều 389 tham chiếu Điều 356
reference_486,article_389_clause_1_point_h,Point,article_389,389,357,Điều 389 tham chiếu Điều 357
reference_487,article_389_clause_1_point_h,Point,article_389,389,358,Điều 389 tham chiếu Điều 358
reference_488,article_389_clause_1_point_h,Point,article_389,389,359,Điều 389 tham chiếu Điều 359
reference_489,article_389_clause_1_point_h,Point,article_389,389,364,Điều 389 tham chiếu Điều 364
reference_490,article_389_clause_1_point_h,Point,article_389,389,365,Điều 389 tham chiếu Điều 365
reference_491,article_389_clause_1_point_i,Point,article_389,389,373,Điều 389 tham chiếu Điều 373
reference_492,article_389_clause_1_point_i,Point,article_389,389,374,Điều 389 tham chiếu Điều 374
reference_493,article_389_clause_1_point_i,Point,article_389,389,386,Điều 389 tham chiếu Điều 386
reference_494,article_390,Article,article_390,390,14,Điều 390 tham chiếu Điều 14
reference_495,article_390,Article,article_390,390,389,Điều 390 tham chiếu Điều 389
reference_496,article_390,Article,article_390,390,19,Điều 390 tham chiếu Điều 19
reference_497,article_390_clause_1,Clause,article_390,390,14,Điều 390 tham chiếu Điều 14
reference_498,article_390_clause_1,Clause,article_390,390,389,Điều 390 tham chiếu Điều 389
reference_499,article_390_clause_1,Clause,article_390,390,19,Điều 390 tham chiếu Điều 19
reference_500,article_391,Article,article_391,391,178,Điều 391 tham chiếu Điều 178
reference_501,article_391,Article,article_391,391,134,Điều 391 tham chiếu Điều 134
reference_502,article_391_clause_1,Clause,article_391,391,178,Điều 391 tham chiếu Điều 178
reference_503,article_391_clause_2,Clause,article_391,391,134,Điều 391 tham chiếu Điều 134
reference_504,article_391_clause_2_point_b,Point,article_391,391,134,Điều 391 tham chiếu Điều 134
reference_505,article_398,Article,article_398,398,134,Điều 398 tham chiếu Điều 134
reference_506,article_398_clause_1,Clause,article_398,398,134,Điều 398 tham chiếu Điều 134
reference_507,article_406,Article,article_406,406,338,Điều 406 tham chiếu Điều 338
reference_508,article_406,Article,article_406,406,362,Điều 406 tham chiếu Điều 362
reference_509,article_406_clause_1,Clause,article_406,406,338,Điều 406 tham chiếu Điều 338
reference_510,article_406_clause_1,Clause,article_406,406,362,Điều 406 tham chiếu Điều 362
reference_511,article_407,Article,article_407,407,338,Điều 407 tham chiếu Điều 338
reference_512,article_407,Article,article_407,407,362,Điều 407 tham chiếu Điều 362
reference_513,article_407_clause_1,Clause,article_407,407,338,Điều 407 tham chiếu Điều 338
reference_514,article_407_clause_1,Clause,article_407,407,362,Điều 407 tham chiếu Điều 362
reference_515,article_413,Article,article_413,413,114,Điều 413 tham chiếu Điều 114
reference_516,article_413,Article,article_413,413,303,Điều 413 tham chiếu Điều 303
reference_517,article_413_clause_1,Clause,article_413,413,114,Điều 413 tham chiếu Điều 114
reference_518,article_413_clause_1,Clause,article_413,413,303,Điều 413 tham chiếu Điều 303
reference_519,article_426,Article,article_426,426,1,Điều 426 tham chiếu Điều 1
reference_520,article_426,Article,article_426,426,1,Điều 426 tham chiếu Điều 1
reference_521,article_426,Article,article_426,426,1,Điều 426 tham chiếu Điều 1
reference_522,article_426,Article,article_426,426,40,Điều 426 tham chiếu Điều 40
reference_523,article_426,Article,article_426,426,1,Điều 426 tham chiếu Điều 1
reference_524,article_426,Article,article_426,426,248,Điều 426 tham chiếu Điều 248
reference_525,article_426,Article,article_426,426,251,Điều 426 tham chiếu Điều 251
reference_526,article_426,Article,article_426,426,248,Điều 426 tham chiếu Điều 248
reference_527,article_426,Article,article_426,426,251,Điều 426 tham chiếu Điều 251
reference_528,article_426,Article,article_426,426,1,Điều 426 tham chiếu Điều 1
reference_529,article_426,Article,article_426,426,248,Điều 426 tham chiếu Điều 248
reference_530,article_426,Article,article_426,426,251,Điều 426 tham chiếu Điều 251
reference_531,article_426,Article,article_426,426,1,Điều 426 tham chiếu Điều 1
reference_532,article_426,Article,article_426,426,353,Điều 426 tham chiếu Điều 353
reference_533,article_426,Article,article_426,426,354,Điều 426 tham chiếu Điều 354
reference_534,article_426,Article,article_426,426,1,Điều 426 tham chiếu Điều 1
reference_535,article_426,Article,article_426,426,353,Điều 426 tham chiếu Điều 353
reference_536,article_426,Article,article_426,426,354,Điều 426 tham chiếu Điều 354
reference_537,article_426,Article,article_426,426,1,Điều 426 tham chiếu Điều 1
reference_538,article_426_clause_1,Clause,article_426,426,1,Điều 426 tham chiếu Điều 1
reference_539,article_426_clause_1,Clause,article_426,426,1,Điều 426 tham chiếu Điều 1
reference_540,article_426_clause_1,Clause,article_426,426,1,Điều 426 tham chiếu Điều 1
reference_541,article_426_clause_2,Clause,article_426,426,40,Điều 426 tham chiếu Điều 40
reference_542,article_426_clause_2,Clause,article_426,426,1,Điều 426 tham chiếu Điều 1
reference_543,article_426_clause_3,Clause,article_426,426,248,Điều 426 tham chiếu Điều 248
reference_544,article_426_clause_3,Clause,article_426,426,251,Điều 426 tham chiếu Điều 251
reference_545,article_426_clause_3,Clause,article_426,426,248,Điều 426 tham chiếu Điều 248
reference_546,article_426_clause_3,Clause,article_426,426,251,Điều 426 tham chiếu Điều 251
reference_547,article_426_clause_3,Clause,article_426,426,1,Điều 426 tham chiếu Điều 1
reference_548,article_426_clause_3,Clause,article_426,426,248,Điều 426 tham chiếu Điều 248
reference_549,article_426_clause_3,Clause,article_426,426,251,Điều 426 tham chiếu Điều 251
reference_550,article_426_clause_3,Clause,article_426,426,1,Điều 426 tham chiếu Điều 1
reference_551,article_426_clause_4,Clause,article_426,426,353,Điều 426 tham chiếu Điều 353
reference_552,article_426_clause_4,Clause,article_426,426,354,Điều 426 tham chiếu Điều 354
reference_553,article_426_clause_4,Clause,article_426,426,1,Điều 426 tham chiếu Điều 1
reference_554,article_426_clause_5,Clause,article_426,426,353,Điều 426 tham chiếu Điều 353
reference_555,article_426_clause_5,Clause,article_426,426,354,Điều 426 tham chiếu Điều 354
reference_556,article_426_clause_5,Clause,article_426,426,1,Điều 426 tham chiếu Điều 1
reference_557,article_426_clause_1_point_a,Point,article_426,426,1,Điều 426 tham chiếu Điều 1
reference_558,article_426_clause_1_point_b,Point,article_426,426,1,Điều 426 tham chiếu Điều 1
reference_559,article_426_clause_1_point_c,Point,article_426,426,1,Điều 426 tham chiếu Điều 1
reference_560,article_426_clause_3_point_a,Point,article_426,426,248,Điều 426 tham chiếu Điều 248
reference_561,article_426_clause_3_point_a,Point,article_426,426,251,Điều 426 tham chiếu Điều 251
reference_562,article_426_clause_3_point_a,Point,article_426,426,1,Điều 426 tham chiếu Điều 1
reference_563,article_426_clause_3_point_b,Point,article_426,426,248,Điều 426 tham chiếu Điều 248
reference_564,article_426_clause_3_point_b,Point,article_426,426,251,Điều 426 tham chiếu Điều 251
reference_565,article_426_clause_3_point_b,Point,article_426,426,1,Điều 426 tham chiếu Điều 1
